Date,ddin,ddon
01/01/2013,2.349697692,0.398794249
01/02/2013,2.353618677,0.400171555
01/03/2013,2.357539662,0.401548861
01/04/2013,2.361460647,0.402926167
01/05/2013,2.365381632,0.404303473
01/06/2013,2.369302617,0.40568078
01/07/2013,2.373223602,0.407058086
01/08/2013,2.377144587,0.408435392
01/09/2013,2.381065571,0.409812698
01/10/2013,2.384986556,0.411190004
01/11/2013,2.388907541,0.41256731
01/12/2013,2.392828526,0.413944616
01/13/2013,2.396749511,0.415321922
01/14/2013,2.45340923,0.432072393
01/15/2013,2.404591481,0.418076534
01/16/2013,2.408512466,0.419453841
01/17/2013,2.412433451,0.420831147
01/18/2013,2.416354436,0.422208453
01/19/2013,2.420275421,0.423585759
01/20/2013,2.424196405,0.424963065
01/21/2013,2.42811739,0.426340371
01/22/2013,2.432038375,0.427717677
01/23/2013,2.43595936,0.429094983
01/24/2013,2.435313508,0.429918959
01/25/2013,2.428796007,0.43003151
01/26/2013,2.422278506,0.430144061
01/27/2013,2.464445025,0.448168112
01/28/2013,2.435627698,0.440134785
01/29/2013,2.402726004,0.430481715
01/30/2013,2.396208503,0.430594266
01/31/2013,2.389691002,0.430706817
02/01/2013,2.383173501,0.430819368
02/02/2013,2.376656,0.43093192
02/03/2013,2.3701385,0.431044471
02/04/2013,2.363620999,0.431157022
02/05/2013,2.357103498,0.431269573
02/06/2013,2.350585997,0.431382124
02/07/2013,2.344068496,0.431494675
02/08/2013,2.337550996,0.431607226
02/09/2013,2.331033495,0.431719778
02/10/2013,2.324515994,0.431832329
02/11/2013,2.317998493,0.43194488
02/12/2013,2.311480992,0.432057431
02/13/2013,2.304963492,0.432169982
02/14/2013,2.298445991,0.432282533
02/15/2013,2.29192849,0.432395085
02/16/2013,2.280767439,0.43213704
02/17/2013,2.266820257,0.431656638
02/18/2013,2.252873075,0.431176235
02/19/2013,2.238925894,0.430695833
02/20/2013,2.224978712,0.430215431
02/21/2013,2.21103153,0.429735029
02/22/2013,2.197084348,0.429254627
02/23/2013,2.183137167,0.428774225
02/24/2013,2.169189985,0.428293822
02/25/2013,2.155242803,0.42781342
02/26/2013,2.141295622,0.427333018
02/27/2013,2.12734844,0.426852616
02/28/2013,2.113401258,0.426372214
03/01/2013,2.099454076,0.425891811
03/02/2013,2.085506895,0.425411409
03/03/2013,2.071559713,0.424931007
03/04/2013,2.057612531,0.424450605
03/05/2013,2.04366535,0.423970203
03/06/2013,2.029718168,0.423489801
03/07/2013,2.015770986,0.423009398
03/08/2013,2.001823804,0.422528996
03/09/2013,1.987876623,0.422048594
03/10/2013,1.973929441,0.421568192
03/11/2013,1.957340768,0.420960132
03/12/2013,1.94014252,0.420322614
03/13/2013,1.922944272,0.419685095
03/14/2013,1.905746024,0.419047576
03/15/2013,1.888547776,0.418410057
03/16/2013,1.871349528,0.417772538
03/17/2013,1.85415128,0.417135019
03/18/2013,1.836953032,0.4164975
03/19/2013,1.819754784,0.415859982
03/20/2013,1.802556535,0.415222463
03/21/2013,1.785358287,0.414584944
03/22/2013,1.768160039,0.413947425
03/23/2013,1.750961791,0.413309906
03/24/2013,1.733763543,0.412672387
03/25/2013,1.716565295,0.412034869
03/26/2013,1.699367047,0.41139735
03/27/2013,1.682168799,0.410759831
03/28/2013,1.664970551,0.410122312
03/29/2013,1.647772303,0.409484793
03/30/2013,1.630574055,0.408847274
03/31/2013,1.613375807,0.408209756
04/01/2013,1.596177559,0.407572237
04/02/2013,1.578979311,0.406934718
04/03/2013,1.563471984,0.406505025
04/04/2013,1.547964656,0.406075333
04/05/2013,1.532457329,0.40564564
04/06/2013,1.516950001,0.405215948
04/07/2013,1.501442674,0.404786255
04/08/2013,1.485935347,0.404356562
04/09/2013,1.470428019,0.40392687
04/10/2013,1.454920692,0.403497177
04/11/2013,1.439413364,0.403067485
04/12/2013,1.423906037,0.402637792
04/13/2013,1.408398709,0.402208099
04/14/2013,1.392891382,0.401778407
04/15/2013,1.377384055,0.401348714
04/16/2013,1.361876727,0.400919022
04/17/2013,1.3463694,0.400489329
04/18/2013,1.330862072,0.400059636
04/19/2013,1.315354745,0.399629944
04/20/2013,1.299847418,0.399200251
04/21/2013,1.28434009,0.398770559
04/22/2013,1.268832763,0.398340866
04/23/2013,1.253325435,0.397911173
04/24/2013,1.237818108,0.397481481
04/25/2013,1.222266096,0.397165165
04/26/2013,1.206520453,0.39734015
04/27/2013,1.190774811,0.397515134
04/28/2013,1.175029168,0.397690118
04/29/2013,1.505472912,0.602649177
04/30/2013,1.994627251,0.780709982
05/01/2013,1.97457055,0.781411115
05/02/2013,1.466628754,0.609165651
05/03/2013,1.385850045,0.480589261
05/04/2013,1.334752107,0.467876024
05/05/2013,1.110536167,0.412911708
05/06/2013,1.049064024,0.399089993
05/07/2013,1.033318381,0.399264977
05/08/2013,1.017572738,0.399439961
05/09/2013,1.001827095,0.399614946
05/10/2013,0.986081452,0.39978993
05/11/2013,0.970335809,0.399964914
05/12/2013,0.954590166,0.400139898
05/13/2013,0.938844523,0.400314883
05/14/2013,0.92309888,0.400489867
05/15/2013,0.907353237,0.400664851
05/16/2013,0.891607594,0.400839836
05/17/2013,0.875861952,0.40101482
05/18/2013,0.860327765,0.401314737
05/19/2013,0.845146006,0.401822873
05/20/2013,0.829964248,0.40233101
05/21/2013,0.814782489,0.402839147
05/22/2013,0.79960073,0.403347284
05/23/2013,0.784418972,0.403855421
05/24/2013,0.769237213,0.404363558
05/25/2013,0.754055454,0.404871695
05/26/2013,0.738873696,0.405379832
05/27/2013,0.723691937,0.405887969
05/28/2013,0.708510178,0.406396106
05/29/2013,0.693328419,0.406904243
05/30/2013,0.678146661,0.40741238
05/31/2013,0.662964902,0.407920517
06/01/2013,0.647783143,0.408428654
06/02/2013,0.632601385,0.408936791
06/03/2013,0.618983727,0.409920494
06/04/2013,0.612214256,0.412994184
06/05/2013,0.587056108,0.410461201
06/06/2013,0.57187435,0.410969338
06/07/2013,0.556692591,0.411477475
06/08/2013,0.541510832,0.411985612
06/09/2013,0.60570779,0.431549376
06/10/2013,0.514498178,0.412881412
06/11/2013,0.505273511,0.413175374
06/12/2013,0.496048843,0.413469336
06/13/2013,0.486824175,0.413763297
06/14/2013,0.477599507,0.414057259
06/15/2013,0.468374839,0.41435122
06/16/2013,0.459150171,0.414645182
06/17/2013,0.449925503,0.414939143
06/18/2013,0.440700835,0.415233105
06/19/2013,0.431476168,0.415527066
06/20/2013,0.4222515,0.415821028
06/21/2013,0.413026832,0.416114989
06/22/2013,0.403802164,0.416408951
06/23/2013,0.394577496,0.416702913
06/24/2013,0.385352828,0.416996874
06/25/2013,0.37612816,0.417290836
06/26/2013,0.366903492,0.417584797
06/27/2013,0.357678824,0.417878759
06/28/2013,0.348454157,0.41817272
06/29/2013,0.339229489,0.418466682
06/30/2013,0.330004821,0.418760643
07/01/2013,0.320780153,0.419054605
07/02/2013,0.311555485,0.419348566
07/03/2013,0.306430949,0.419556174
07/04/2013,0.302673123,0.419734997
07/05/2013,0.298915297,0.41991382
07/06/2013,0.295157471,0.420092643
07/07/2013,0.291399645,0.420271465
07/08/2013,0.287641819,0.420450288
07/09/2013,0.283883993,0.420629111
07/10/2013,0.280126167,0.420807934
07/11/2013,0.276368341,0.420986757
07/12/2013,0.272610516,0.42116558
07/13/2013,0.26885269,0.421344402
07/14/2013,0.265094864,0.421523225
07/15/2013,0.261337038,0.421702048
07/16/2013,0.25926947,0.422408829
07/17/2013,0.311895368,0.432813374
07/18/2013,0.252517549,0.422998359
07/19/2013,0.246305734,0.422417339
07/20/2013,0.242547908,0.422596162
07/21/2013,0.238790083,0.422774985
07/22/2013,0.235032257,0.422953808
07/23/2013,0.231274431,0.423132631
07/24/2013,0.227516605,0.423311454
07/25/2013,0.223758779,0.423490276
07/26/2013,0.222739671,0.423435784
07/27/2013,0.221903145,0.423365738
07/28/2013,0.221066618,0.423295692
07/29/2013,0.220230092,0.423225645
07/30/2013,0.219393565,0.423155599
07/31/2013,0.218557039,0.423085552
08/01/2013,0.217720512,0.423015506
08/02/2013,0.216883986,0.422945459
08/03/2013,0.21604746,0.422875413
08/04/2013,0.215210933,0.422805367
08/05/2013,0.214374407,0.42273532
08/06/2013,0.21353788,0.422665274
08/07/2013,0.212701354,0.422595227
08/08/2013,0.211864827,0.422525181
08/09/2013,0.211028301,0.422455134
08/10/2013,0.210191774,0.422385088
08/11/2013,0.209355248,0.422315042
08/12/2013,0.209218092,0.422378929
08/13/2013,0.207682195,0.422174949
08/14/2013,0.206845668,0.422104902
08/15/2013,0.206009142,0.422034856
08/16/2013,0.205172615,0.42196481
08/17/2013,0.204759354,0.421698154
08/18/2013,0.207308951,0.420055232
08/19/2013,0.209858548,0.418412311
08/20/2013,0.212408145,0.416769389
08/21/2013,0.214957742,0.415126468
08/22/2013,0.217507339,0.413483546
08/23/2013,0.220056936,0.411840625
08/24/2013,0.222606533,0.410197703
08/25/2013,0.225156129,0.408554782
08/26/2013,0.228427125,0.406956188
08/27/2013,0.276029339,0.406734237
08/28/2013,0.23280492,0.403626017
08/29/2013,0.235354517,0.401983096
08/30/2013,0.237904114,0.400340174
08/31/2013,0.240453711,0.398697253
09/01/2013,0.243003308,0.397054331
09/02/2013,0.245552904,0.395411409
09/03/2013,0.248102501,0.393768488
09/04/2013,0.250652098,0.392125566
09/05/2013,0.253201695,0.390482645
09/06/2013,0.255751292,0.388839723
09/07/2013,0.258300889,0.387196802
09/08/2013,0.260850486,0.38555388
09/09/2013,0.265343662,0.383872451
09/10/2013,0.274943382,0.38205473
09/11/2013,0.282881765,0.380340154
09/12/2013,0.291650817,0.378574006
09/13/2013,0.300419868,0.376807858
09/14/2013,0.30918892,0.37504171
09/15/2013,0.317957971,0.373275562
09/16/2013,0.326727023,0.371509413
09/17/2013,0.335496074,0.369743265
09/18/2013,0.382844312,0.366040184
09/19/2013,0.353034177,0.366210969
09/20/2013,0.361803229,0.364444821
09/21/2013,0.56181856,0.297510116
09/22/2013,0.586005078,0.288204408
09/23/2013,0.599861503,0.346930759
09/24/2013,0.44782465,0.355432418
09/25/2013,0.428823423,0.354307631
09/26/2013,0.414417538,0.353847932
09/27/2013,0.42318659,0.352081784
09/28/2013,0.431955641,0.350315636
09/29/2013,0.440724693,0.348549487
09/30/2013,0.449493744,0.346783339
10/01/2013,0.458262796,0.345017191
10/02/2013,0.470631862,0.343920429
10/03/2013,0.486600942,0.343493053
10/04/2013,0.502570022,0.343065676
10/05/2013,0.518539102,0.3426383
10/06/2013,0.534508182,0.342210924
10/07/2013,0.550477262,0.341783548
10/08/2013,0.566446342,0.341356171
10/09/2013,0.604526134,0.340311011
10/10/2013,0.675584357,0.339628433
10/11/2013,0.632925163,0.339654907
10/12/2013,0.630322662,0.339646666
10/13/2013,0.646291742,0.33921929
10/14/2013,0.662260822,0.338791914
10/15/2013,0.678229902,0.338364538
10/16/2013,0.694198983,0.337937161
10/17/2013,0.710168063,0.337509785
10/18/2013,0.726137143,0.337082409
10/19/2013,0.742106223,0.336655033
10/20/2013,0.758075303,0.336227656
10/21/2013,0.774044383,0.33580028
10/22/2013,0.790013463,0.335372904
10/23/2013,0.805982543,0.334945528
10/24/2013,0.821951623,0.334518152
10/25/2013,1.162685758,0.282358246
10/26/2013,1.255002302,0.290493579
10/27/2013,1.290237408,0.295849129
10/28/2013,1.317909637,0.299831085
10/29/2013,1.334864881,0.301364423
10/30/2013,1.324167375,0.296220222
10/31/2013,1.330501268,0.299117791
11/01/2013,1.472288693,0.347182202
11/02/2013,1.38505916,0.303380792
11/03/2013,1.447018558,0.313670044
11/04/2013,1.48262216,0.320514274
11/05/2013,1.50377585,0.322304123
11/06/2013,1.509665072,0.317638667
11/07/2013,1.525478986,0.316903072
11/08/2013,1.560929239,0.321223812
11/09/2013,1.844990881,0.376452854
11/10/2013,1.833727424,0.375651248
11/11/2013,1.902471002,0.378983716
11/12/2013,1.857766355,0.37354316
11/13/2013,1.792783684,0.359857962
11/14/2013,1.807998046,0.357777203
11/15/2013,1.993680278,0.382787371
11/16/2013,1.903643448,0.372357131
11/17/2013,1.946352845,0.376366324
11/18/2013,1.996244777,0.381501901
11/19/2013,2.033306603,0.385383002
11/20/2013,1.75385438,0.372124249
11/21/2013,1.634123875,0.357056242
11/22/2013,2.128164824,0.408167667
11/23/2013,2.225458846,0.408435478
11/24/2013,2.04590751,0.39014687
11/25/2013,2.207232808,0.403373975
11/26/2013,1.633801337,0.353268915
11/27/2013,2.148034338,0.395982384
11/28/2013,2.102925048,0.394830171
11/29/2013,1.716517864,0.356458454
11/30/2013,1.74409004,0.357521633
12/01/2013,1.771662216,0.358584813
12/02/2013,1.799234392,0.359647993
12/03/2013,1.826806568,0.360711172
12/04/2013,1.923653147,0.368603572
12/05/2013,1.881950919,0.362837532
12/06/2013,1.924072005,0.365398424
12/07/2013,2.344896658,0.413775966
12/08/2013,1.964667447,0.36602707
12/09/2013,1.991760495,0.367164446
12/10/2013,2.011666631,0.369414763
12/11/2013,2.031572766,0.37166508
12/12/2013,2.051478902,0.373915397
12/13/2013,2.090713282,0.378655105
12/14/2013,2.091291173,0.378416031
12/15/2013,2.121027232,0.382030269
12/16/2013,2.446465086,0.436032438
12/17/2013,2.441976796,0.435174654
12/18/2013,2.170915716,0.387417298
12/19/2013,2.190821852,0.389667615
12/20/2013,2.210727987,0.391917932
12/21/2013,2.230634123,0.394168249
12/22/2013,2.250540258,0.396418566
12/23/2013,2.270446394,0.398668882
12/24/2013,2.29035253,0.400919199
12/25/2013,2.310258665,0.403169516
12/26/2013,2.330164801,0.405419833
12/27/2013,2.350070937,0.40767015
12/28/2013,2.369977072,0.409920467
12/29/2013,2.416287036,0.417806331
12/30/2013,2.571021973,0.450462494
12/31/2013,2.429695479,0.416671417
01/01/2014,2.445539806,0.418759686
01/02/2014,2.449198706,0.420361811
01/03/2014,2.452857606,0.421963935
01/04/2014,2.456516506,0.423566059
01/05/2014,2.460175407,0.425168184
01/06/2014,2.463834307,0.426770308
01/07/2014,2.467493207,0.428372433
01/08/2014,2.471152107,0.429974557
01/09/2014,2.474811007,0.431576681
01/10/2014,2.548451877,0.453138721
01/11/2014,2.482128808,0.43478093
01/12/2014,2.485787708,0.436383054
01/13/2014,2.489446608,0.437985179
01/14/2014,2.493105508,0.439587303
01/15/2014,2.496764409,0.441189428
01/16/2014,2.500423309,0.442791552
01/17/2014,2.504082209,0.444393676
01/18/2014,2.507741109,0.445995801
01/19/2014,2.511400009,0.447597925
01/20/2014,2.51505891,0.449200049
01/21/2014,2.638213329,0.495567453
01/22/2014,2.52237671,0.452404298
01/23/2014,2.52603561,0.454006423
01/24/2014,2.525195366,0.45492591
01/25/2014,2.569643293,0.475293351
01/26/2014,2.511945647,0.455009532
01/27/2014,2.633693416,0.508593842
01/28/2014,2.65198032,0.521485762
01/29/2014,2.492071069,0.455134965
01/30/2014,2.48544621,0.455176776
01/31/2014,2.478821351,0.455218587
02/01/2014,2.472196492,0.455260398
02/02/2014,2.465571632,0.455302209
02/03/2014,2.458946773,0.45534402
02/04/2014,2.452321914,0.455385831
02/05/2014,2.445697055,0.455427642
02/06/2014,2.451647919,0.460791923
02/07/2014,2.441956961,0.459557209
02/08/2014,2.425822477,0.455553075
02/09/2014,2.437367324,0.463407223
02/10/2014,2.412572758,0.455636697
02/11/2014,2.544694099,0.518443573
02/12/2014,2.39932304,0.455720319
02/13/2014,2.392698181,0.45576213
02/14/2014,2.386073321,0.455803941
02/15/2014,2.379448462,0.455845752
02/16/2014,2.368147617,0.455394092
02/17/2014,2.35404118,0.454646347
02/18/2014,2.339934743,0.453898603
02/19/2014,2.325828307,0.453150859
02/20/2014,2.31172187,0.452403115
02/21/2014,2.297615433,0.451655371
02/22/2014,2.283508997,0.450907627
02/23/2014,2.26940256,0.450159882
02/24/2014,2.255296123,0.449412138
02/25/2014,2.347280839,0.493079668
02/26/2014,2.588214421,0.597720404
02/27/2014,2.212976813,0.447168906
02/28/2014,2.198870376,0.446421162
03/01/2014,2.184763939,0.445673418
03/02/2014,2.170657503,0.444925673
03/03/2014,2.156551066,0.444177929
03/04/2014,2.142444629,0.443430185
03/05/2014,2.128338193,0.442682441
03/06/2014,2.114231756,0.441934697
03/07/2014,2.100125319,0.441186953
03/08/2014,2.086018882,0.440439209
03/09/2014,2.08712924,0.445547144
03/10/2014,2.234596664,0.505204347
03/11/2014,2.040705236,0.438081268
03/12/2014,2.022913463,0.437192344
03/13/2014,2.005121689,0.43630342
03/14/2014,1.987329916,0.435414496
03/15/2014,1.969538142,0.434525572
03/16/2014,1.951746369,0.433636648
03/17/2014,1.933954596,0.432747724
03/18/2014,1.919299743,0.433007683
03/19/2014,1.898371049,0.430969877
03/20/2014,1.880579275,0.430080953
03/21/2014,1.862787502,0.429192029
03/22/2014,1.844995728,0.428303105
03/23/2014,1.827203955,0.427414181
03/24/2014,1.809412182,0.426525257
03/25/2014,1.84540016,0.44456202
03/26/2014,1.773828635,0.42474741
03/27/2014,1.756036861,0.423858486
03/28/2014,1.738245088,0.422969562
03/29/2014,1.720453315,0.422080638
03/30/2014,1.702661541,0.421191714
03/31/2014,1.684869768,0.42030279
04/01/2014,1.667077994,0.419413866
04/02/2014,1.649286221,0.418524943
04/03/2014,1.633183591,0.417924841
04/04/2014,1.617080961,0.417324739
04/05/2014,1.600978331,0.416724638
04/06/2014,1.584875701,0.416124536
04/07/2014,1.568773071,0.415524434
04/08/2014,1.552670441,0.414924333
04/09/2014,1.536567811,0.414324231
04/10/2014,1.520465181,0.413724129
04/11/2014,1.504362551,0.413124028
04/12/2014,1.488259921,0.412523926
04/13/2014,1.472157291,0.411923824
04/14/2014,1.456054661,0.411323723
04/15/2014,1.564775425,0.447819458
04/16/2014,1.559576157,0.449593728
04/17/2014,1.407746771,0.409523418
04/18/2014,1.391644141,0.408923316
04/19/2014,1.375541511,0.408323215
04/20/2014,1.359438881,0.407723113
04/21/2014,1.343336251,0.407123011
04/22/2014,1.327233621,0.40652291
04/23/2014,1.311130991,0.405922808
04/24/2014,1.295028361,0.405322706
04/25/2014,1.278901687,0.404840587
04/26/2014,1.262670821,0.404869725
04/27/2014,1.246439955,0.404898863
04/28/2014,1.230209089,0.404928
04/29/2014,1.213978223,0.404957138
04/30/2014,1.197747357,0.404986276
05/01/2014,1.181516491,0.405015414
05/02/2014,1.165285625,0.405044552
05/03/2014,1.149054759,0.40507369
05/04/2014,1.132823893,0.405102827
05/05/2014,1.116593027,0.405131965
05/06/2014,1.100362161,0.405161103
05/07/2014,1.084131295,0.405190241
05/08/2014,1.067900428,0.405219379
05/09/2014,1.054047165,0.405944664
05/10/2014,1.235536163,0.450976904
05/11/2014,1.01920783,0.405306792
05/12/2014,1.029078504,0.412915341
05/13/2014,1.258966582,0.557545901
05/14/2014,0.994409597,0.412292433
05/15/2014,0.954284366,0.405423343
05/16/2014,0.9380535,0.405452481
05/17/2014,0.921822634,0.405481619
05/18/2014,0.905782922,0.405626281
05/19/2014,0.890061798,0.405963483
05/20/2014,0.874340674,0.406300685
05/21/2014,0.85861955,0.406637887
05/22/2014,0.842898426,0.406975089
05/23/2014,0.827177302,0.407312291
05/24/2014,0.811456178,0.407649493
05/25/2014,0.795735054,0.407986695
05/26/2014,0.78001393,0.408323897
05/27/2014,0.764292806,0.4086611
05/28/2014,1.008611611,0.481402963
05/29/2014,0.777075543,0.422337327
05/30/2014,0.717129434,0.409672706
05/31/2014,0.70140831,0.410009908
06/01/2014,0.836222116,0.567707365
06/02/2014,1.187441621,0.754516033
06/03/2014,1.359307055,0.814817888
06/04/2014,1.618542304,0.896837315
06/05/2014,1.713133475,0.930077285
06/06/2014,1.719747629,0.937061794
06/07/2014,1.697829644,0.935652241
06/08/2014,1.67068575,0.93270376
06/09/2014,1.629287427,0.92566467
06/10/2014,1.501260201,0.890862137
06/11/2014,1.349836422,0.846049399
06/12/2014,1.33726772,0.843244232
06/13/2014,1.296629769,0.83188159
06/14/2014,1.266093212,0.823578569
06/15/2014,1.217570058,0.809710589
06/16/2014,1.157900271,0.792321508
06/17/2014,1.114727151,0.779861914
06/18/2014,1.027941484,0.75284022
06/19/2014,0.823962241,0.682855052
06/20/2014,0.675394168,0.618406949
06/21/2014,0.582294339,0.577168301
06/22/2014,0.57461001,0.578108549
06/23/2014,0.55715976,0.57128594
06/24/2014,0.412604268,0.415695273
06/25/2014,0.402960599,0.415867154
06/26/2014,0.863496133,0.708956246
06/27/2014,1.093190902,0.787197872
06/28/2014,1.097500796,0.789560005
06/29/2014,1.085782478,0.787186474
06/30/2014,1.059129761,0.780351822
07/01/2014,1.027219827,0.77192956
07/02/2014,1.003035441,0.765848022
07/03/2014,0.991505607,0.760854788
07/04/2014,0.97687363,0.753991425
07/05/2014,0.962850335,0.747316544
07/06/2014,0.945397484,0.73957539
07/07/2014,0.921774524,0.729887936
07/08/2014,0.905472613,0.722473955
07/09/2014,0.890470169,0.715464845
07/10/2014,0.815313936,0.688416231
07/11/2014,0.686117036,0.641375331
07/12/2014,0.486417343,0.564710216
07/13/2014,0.362870981,0.433104347
07/14/2014,0.291673966,0.420694644
07/15/2014,0.378932133,0.4421762
07/16/2014,0.278317906,0.419187242
07/17/2014,0.274337827,0.419338075
07/18/2014,0.270357748,0.419488907
07/19/2014,0.266377668,0.41963974
07/20/2014,0.262397589,0.419790573
07/21/2014,0.25841751,0.419941405
07/22/2014,0.254437431,0.420092238
07/23/2014,0.250457351,0.420243071
07/24/2014,0.246477272,0.420393903
07/25/2014,0.242497193,0.420544736
07/26/2014,0.241517505,0.420503388
07/27/2014,0.240737842,0.420449229
07/28/2014,0.23995818,0.420395069
07/29/2014,0.239178518,0.420340909
07/30/2014,0.238398855,0.42028675
07/31/2014,0.237619193,0.42023259
08/01/2014,0.236839531,0.420178431
08/02/2014,0.321591975,0.438274813
08/03/2014,0.3904194,0.49747005
08/04/2014,0.307396094,0.433534462
08/05/2014,0.33771502,0.443524731
08/06/2014,0.232941219,0.419907633
08/07/2014,0.232161557,0.419853473
08/08/2014,0.231381894,0.419799313
08/09/2014,0.230602232,0.419745154
08/10/2014,0.22982257,0.419690994
08/11/2014,0.229042907,0.419636834
08/12/2014,0.228263245,0.419582675
08/13/2014,0.227483583,0.419528515
08/14/2014,0.22670392,0.419474356
08/15/2014,0.225924258,0.419420196
08/16/2014,0.225144596,0.419366036
08/17/2014,0.224818012,0.419118466
08/18/2014,0.227662978,0.417517019
08/19/2014,0.230507944,0.415915573
08/20/2014,0.23335291,0.414314126
08/21/2014,0.236197876,0.41271268
08/22/2014,0.239042842,0.411111233
08/23/2014,0.241887808,0.409509786
08/24/2014,0.244732774,0.40790834
08/25/2014,0.258106051,0.407650539
08/26/2014,0.291156631,0.408524932
08/27/2014,0.253267672,0.403104
08/28/2014,0.256112638,0.401502553
08/29/2014,0.258957604,0.399901107
08/30/2014,0.261802571,0.39829966
08/31/2014,0.264647537,0.396698213
09/01/2014,0.366563968,0.40151608
09/02/2014,0.355478778,0.398391536
09/03/2014,0.273182435,0.391893874
09/04/2014,0.276027401,0.390292427
09/05/2014,0.278872367,0.38869098
09/06/2014,0.281717333,0.387089534
09/07/2014,0.284562299,0.385488087
09/08/2014,0.287407265,0.383886641
09/09/2014,0.292314637,0.38226876
09/10/2014,0.301759301,0.380614725
09/11/2014,0.311203966,0.378960689
09/12/2014,0.32064863,0.377306654
09/13/2014,0.33402662,0.375590674
09/14/2014,0.51327395,0.379678059
09/15/2014,0.480263707,0.373381966
09/16/2014,0.522503385,0.371996834
09/17/2014,0.453750303,0.37077692
09/18/2014,0.377316617,0.367382441
09/19/2014,0.386761282,0.365728405
09/20/2014,0.396205946,0.36407437
09/21/2014,0.405650611,0.362420334
09/22/2014,0.501225936,0.362513349
09/23/2014,0.669239546,0.364518016
09/24/2014,0.675000314,0.361542498
09/25/2014,0.491600197,0.3545025
09/26/2014,0.583374504,0.355349505
09/27/2014,0.729253083,0.356788841
09/28/2014,0.754187974,0.355915364
09/29/2014,0.583788374,0.351107218
09/30/2014,0.490652591,0.347534015
10/01/2014,0.500097256,0.345879979
10/02/2014,0.5131034,0.344910786
10/03/2014,0.529671024,0.344626437
10/04/2014,0.573798771,0.343618648
10/05/2014,0.596297993,0.343266304
10/06/2014,0.59050377,0.34353775
10/07/2014,0.59594152,0.343489037
10/08/2014,0.612509144,0.343204688
10/09/2014,0.629076768,0.342920338
10/10/2014,0.645644392,0.342635988
10/11/2014,0.662212016,0.342351638
10/12/2014,0.771801069,0.342739388
10/13/2014,0.710917978,0.341667434
10/14/2014,1.039416158,0.344667373
10/15/2014,1.113861694,0.347774305
10/16/2014,1.145614704,0.348474248
10/17/2014,0.895440434,0.344289851
10/18/2014,0.868247085,0.340596949
10/19/2014,1.302671436,0.355905032
10/20/2014,1.115707634,0.326620147
10/21/2014,1.251421606,0.349274556
10/22/2014,1.344251025,0.354229925
10/23/2014,1.136590549,0.347266482
10/24/2014,0.970198163,0.339260411
10/25/2014,0.955954831,0.33941314
10/26/2014,1.123971531,0.348596719
10/27/2014,0.969157026,0.340251874
10/28/2014,0.972568624,0.340484529
10/29/2014,0.996921197,0.341004745
10/30/2014,1.02127377,0.341524961
10/31/2014,1.052416842,0.342200708
11/01/2014,1.325448648,0.308895159
11/02/2014,1.408488962,0.328912408
11/03/2014,1.324179833,0.355434123
11/04/2014,1.143036635,0.344126042
11/05/2014,1.178235792,0.345002731
11/06/2014,1.191741781,0.345166474
11/07/2014,1.455805929,0.361832132
11/08/2014,1.564825285,0.365552301
11/09/2014,1.286925087,0.347608732
11/10/2014,1.289152073,0.347247339
11/11/2014,1.313504646,0.347767555
11/12/2014,1.337857219,0.348287771
11/13/2014,1.362209792,0.348807987
11/14/2014,1.386562365,0.349328203
11/15/2014,1.410914938,0.349848419
11/16/2014,1.956872166,0.378240618
11/17/2014,2.197387032,0.404099453
11/18/2014,2.152811599,0.398932949
11/19/2014,2.232796369,0.413481292
11/20/2014,2.15981056,0.399031992
11/21/2014,2.286884353,0.41669939
11/22/2014,1.717787801,0.365608553
11/23/2014,1.684628629,0.362856725
11/24/2014,1.661375724,0.360490234
11/25/2014,1.68970133,0.361767259
11/26/2014,1.718026935,0.363044284
11/27/2014,1.74635254,0.364321309
11/28/2014,1.774678145,0.365598334
11/29/2014,1.91234282,0.37632386
11/30/2014,1.831329356,0.368152384
12/01/2014,2.085481491,0.394273868
12/02/2014,1.98584612,0.379882333
12/03/2014,1.948424147,0.375071108
12/04/2014,1.944631777,0.373260484
12/05/2014,1.972957382,0.374537509
12/06/2014,2.001282987,0.375814534
12/07/2014,2.37447009,0.423854918
12/08/2014,2.346334497,0.417031207
12/09/2014,2.136140743,0.385264455
12/10/2014,2.105895633,0.382346646
12/11/2014,2.208709848,0.394892192
12/12/2014,2.250381893,0.40063862
12/13/2014,2.297330656,0.407306856
12/14/2014,2.704729554,0.467183658
12/15/2014,2.2066306,0.395433006
12/16/2014,2.226777594,0.398050278
12/17/2014,2.246924587,0.400667549
12/18/2014,2.267071581,0.403284821
12/19/2014,2.287218574,0.405902093
12/20/2014,2.307365567,0.408519365
12/21/2014,2.327512561,0.411136637
12/22/2014,2.415274414,0.426003879
12/23/2014,2.367806548,0.416371181
12/24/2014,2.387953541,0.418988453
12/25/2014,2.408100534,0.421605724
12/26/2014,2.712122624,0.494910162
12/27/2014,2.560643563,0.582536387
12/28/2014,2.571246875,0.58763581
12/29/2014,2.465705004,0.594410264
12/30/2014,2.705830601,0.580627529
12/31/2014,2.58310493,0.450182843
01/01/2015,2.544937807,0.439734995
01/02/2015,2.548318074,0.441585735
01/03/2015,2.551698341,0.443436475
01/04/2015,2.657762108,0.472365525
01/05/2015,2.737836387,0.500663901
01/06/2015,2.680863785,0.482005807
01/07/2015,2.569352505,0.452015367
01/08/2015,2.568599677,0.452690176
01/09/2015,2.571979944,0.454540916
01/10/2015,2.575360211,0.456391656
01/11/2015,2.578740478,0.458242396
01/12/2015,2.582120745,0.460093136
01/13/2015,2.585501012,0.461943877
01/14/2015,2.588881279,0.463794617
01/15/2015,2.592261546,0.465645357
01/16/2015,2.595641814,0.467496097
01/17/2015,2.599022081,0.469346837
01/18/2015,2.60936705,0.47382649
01/19/2015,2.81773096,0.571935789
01/20/2015,2.609162882,0.474899058
01/21/2015,2.612543149,0.476749798
01/22/2015,2.714563996,0.519998649
01/23/2015,2.619303683,0.480451278
01/24/2015,2.618264623,0.481476668
01/25/2015,2.611543571,0.481440892
01/26/2015,2.604822518,0.481405116
01/27/2015,2.598101466,0.48136934
01/28/2015,2.591380413,0.481333564
01/29/2015,2.584659361,0.481297789
01/30/2015,2.577938308,0.481262013
01/31/2015,2.571217256,0.481226237
02/01/2015,2.564496204,0.481190461
02/02/2015,2.557775151,0.481154685
02/03/2015,2.551054099,0.48111891
02/04/2015,2.650770618,0.530700227
02/05/2015,2.727556517,0.660345023
02/06/2015,2.795937684,0.620617442
02/07/2015,2.53320674,0.485161313
02/08/2015,2.517448837,0.480940031
02/09/2015,2.510727784,0.480904255
02/10/2015,2.504006732,0.480868479
02/11/2015,2.517131995,0.490172115
02/12/2015,2.499468834,0.485003907
02/13/2015,2.483843574,0.480761152
02/14/2015,2.552656191,0.516700072
02/15/2015,2.614110396,0.55427434
02/16/2015,2.461997021,0.481465267
02/17/2015,2.444723992,0.478985766
02/18/2015,2.43047348,0.477945509
02/19/2015,2.416222967,0.476905252
02/20/2015,2.401972455,0.475864995
02/21/2015,2.387721943,0.474824738
02/22/2015,2.37347143,0.473784481
02/23/2015,2.359220918,0.472744223
02/24/2015,2.344970406,0.471703966
02/25/2015,2.330719893,0.470663709
02/26/2015,2.316469381,0.469623452
02/27/2015,2.302218868,0.468583195
02/28/2015,2.287968356,0.467542938
03/01/2015,2.273717844,0.466502681
03/02/2015,2.259467331,0.465462424
03/03/2015,2.245216819,0.464422166
03/04/2015,2.230966307,0.463381909
03/05/2015,2.216715794,0.462341652
03/06/2015,2.202465282,0.461301395
03/07/2015,2.188214769,0.460261138
03/08/2015,2.173964257,0.459220881
03/09/2015,2.568970465,0.758742418
03/10/2015,2.581631731,0.746589676
03/11/2015,2.573377038,0.766731998
03/12/2015,2.115878191,0.45730868
03/13/2015,2.384710605,0.56101246
03/14/2015,2.52588455,0.693823067
03/15/2015,2.513527611,0.702948384
03/16/2015,2.509710633,0.729242994
03/17/2015,2.452263303,0.631992494
03/18/2015,2.539430868,0.783590524
03/19/2015,2.751936872,0.8506797
03/20/2015,2.635356853,0.786310905
03/21/2015,2.1990915,0.531134457
03/22/2015,2.778048887,0.853004142
03/23/2015,2.756152731,0.837540016
03/24/2015,2.499923819,0.795436895
03/25/2015,2.076710307,0.50752515
03/26/2015,1.851750654,0.438633491
03/27/2015,1.833344924,0.437475431
03/28/2015,2.209848744,0.560618027
03/29/2015,2.266251698,0.646765073
03/30/2015,2.243574566,0.633940662
03/31/2015,1.82519075,0.454580543
04/01/2015,1.741316273,0.43168513
04/02/2015,2.000293017,0.512331176
04/03/2015,2.187255351,0.654646908
04/04/2015,2.089186722,0.548422334
04/05/2015,1.672736603,0.428185613
04/06/2015,1.656011956,0.427405127
04/07/2015,1.63928731,0.426624642
04/08/2015,1.622562663,0.425844156
04/09/2015,1.605838016,0.425063671
04/10/2015,1.58911337,0.424283185
04/11/2015,1.572388723,0.423502699
04/12/2015,1.555664076,0.422722214
04/13/2015,1.599515036,0.440761597
04/14/2015,2.547224183,0.863838277
04/15/2015,2.969264973,0.983220139
04/16/2015,2.799150249,0.93800547
04/17/2015,2.400440515,0.848445753
04/18/2015,2.592586674,0.896060693
04/19/2015,2.980504605,1.008292585
04/20/2015,2.906148153,0.99236696
04/21/2015,2.331813186,0.854786084
04/22/2015,2.38618416,0.872724541
04/23/2015,2.450119543,0.892598836
04/24/2015,2.261547371,0.853842449
04/25/2015,1.728487181,0.589887583
04/26/2015,1.45358669,0.447604023
04/27/2015,1.304783826,0.412449669
04/28/2015,1.288054357,0.412325065
04/29/2015,1.271324887,0.41220046
04/30/2015,1.322169429,0.431591845
05/01/2015,1.500098811,0.475490899
05/02/2015,1.221136479,0.411826645
05/03/2015,1.20440701,0.41170204
05/04/2015,1.18767754,0.411577435
05/05/2015,1.170948071,0.411452831
05/06/2015,1.154218601,0.411328226
05/07/2015,1.137489132,0.411203621
05/08/2015,1.120759662,0.411079016
05/09/2015,1.104030193,0.410954411
05/10/2015,1.087300723,0.410829806
05/11/2015,1.070571254,0.410705202
05/12/2015,1.891402703,0.883609286
05/13/2015,2.429781597,1.042658645
05/14/2015,2.752193745,1.154133125
05/15/2015,2.711192317,1.15025846
05/16/2015,2.73874215,1.168918869
05/17/2015,2.779952285,1.192019288
05/18/2015,2.791413987,1.209016744
05/19/2015,2.800972662,1.224092211
05/20/2015,2.823062128,1.244264801
05/21/2015,2.811840726,1.249219971
05/22/2015,2.813555044,1.262405133
05/23/2015,2.862916751,1.303395208
05/24/2015,2.89698789,1.332993849
05/25/2015,2.824542436,1.30755315
05/26/2015,2.725691679,1.267800537
05/27/2015,2.603183056,1.216754961
05/28/2015,2.506499663,1.184068088
05/29/2015,2.465962491,1.176114372
05/30/2015,2.421393073,1.166572333
05/31/2015,2.400191455,1.166153731
06/01/2015,2.352857843,1.155513255
06/02/2015,2.32039348,1.150563132
06/03/2015,2.303953542,1.151709924
06/04/2015,2.29737018,1.158338901
06/05/2015,2.297188401,1.167013564
06/06/2015,2.237935823,1.150291819
06/07/2015,2.137897896,1.117387077
06/08/2015,2.048084208,1.092277416
06/09/2015,2.018542055,1.088112743
06/10/2015,1.98692679,1.081202662
06/11/2015,1.964084341,1.075706249
06/12/2015,1.955387238,1.075312179
06/13/2015,1.904944523,1.060193192
06/14/2015,1.842388193,1.041418206
06/15/2015,1.772162166,1.020104162
06/16/2015,1.729344734,1.007946331
06/17/2015,1.702276812,1.001035512
06/18/2015,1.691679484,0.999593162
06/19/2015,1.699916026,1.004538196
06/20/2015,1.662832191,0.994215467
06/21/2015,1.565614662,0.963931386
06/22/2015,1.462379519,0.931819019
06/23/2015,1.370960256,0.904729524
06/24/2015,1.29300776,0.882002833
06/25/2015,1.233001507,0.86472197
06/26/2015,1.19464248,0.854085196
06/27/2015,1.121676381,0.83266328
06/28/2015,0.997299442,0.791379804
06/29/2015,0.755715047,0.705392378
06/30/2015,0.574911906,0.625196571
07/01/2015,0.449828496,0.540513103
07/02/2015,0.467943405,0.579209215
07/03/2015,0.568845798,0.630164357
07/04/2015,0.54690429,0.619051645
07/05/2015,0.495146472,0.593546476
07/06/2015,0.463246345,0.578034391
07/07/2015,0.443941188,0.568277219
07/08/2015,0.471236826,0.47815565
07/09/2015,0.430327282,0.498401696
07/10/2015,0.455779904,0.48023955
07/11/2015,0.390244938,0.431260234
07/12/2015,0.328808582,0.419733615
07/13/2015,0.313313024,0.415940824
07/14/2015,0.30909891,0.416062492
07/15/2015,0.304884796,0.41618416
07/16/2015,0.300670682,0.416305829
07/17/2015,0.296456568,0.416427497
07/18/2015,0.356981067,0.431026219
07/19/2015,0.393121714,0.539465659
07/20/2015,0.384867335,0.490981985
07/21/2015,0.34758145,0.431372907
07/22/2015,0.332625836,0.43038232
07/23/2015,0.399619811,0.455736097
07/24/2015,0.26695777,0.417279176
07/25/2015,0.324039464,0.430788019
07/26/2015,0.31268634,0.429675717
07/27/2015,0.342294378,0.435598777
07/28/2015,0.32102107,0.43014152
07/29/2015,0.283804058,0.425420634
07/30/2015,0.25899626,0.417211783
07/31/2015,0.258290637,0.417171952
08/01/2015,0.348785069,0.439204712
08/02/2015,0.258630441,0.417659146
08/03/2015,0.256173769,0.417052459
08/04/2015,0.255468146,0.417012628
08/05/2015,0.307388563,0.427840678
08/06/2015,0.361135608,0.443992167
08/07/2015,0.253351277,0.416893135
08/08/2015,0.252645654,0.416853304
08/09/2015,0.251940031,0.416813473
08/10/2015,0.369214836,0.455653659
08/11/2015,0.36767527,0.456038853
08/12/2015,0.339132631,0.436379782
08/13/2015,0.286972063,0.424970523
08/14/2015,0.296032684,0.425605131
08/15/2015,0.317898952,0.429964536
08/16/2015,0.364096625,0.443316857
08/17/2015,0.362508806,0.453351313
08/18/2015,0.353655664,0.43638779
08/19/2015,0.261696195,0.415198608
08/20/2015,0.256300809,0.411621401
08/21/2015,0.376077579,0.465772198
08/22/2015,0.374683672,0.467992719
08/23/2015,0.383412145,0.460691437
08/24/2015,0.39778312,0.45016194
08/25/2015,0.397762673,0.450353098
08/26/2015,0.39468703,0.451128219
08/27/2015,0.399007211,0.447567693
08/28/2015,0.421639659,0.436746635
08/29/2015,0.415216192,0.419212576
08/30/2015,0.288036996,0.396010514
08/31/2015,0.291210614,0.394449425
09/01/2015,0.294384233,0.392888336
09/02/2015,0.297557852,0.391327248
09/03/2015,0.30073147,0.389766159
09/04/2015,0.312110198,0.388832784
09/05/2015,0.310624488,0.386884161
09/06/2015,0.447930805,0.397953656
09/07/2015,0.464627089,0.402169138
09/08/2015,0.42407961,0.388740113
09/09/2015,0.321958713,0.380406093
09/10/2015,0.332126031,0.378865698
09/11/2015,0.342293349,0.377325303
09/12/2015,0.477032941,0.395672752
09/13/2015,0.543849833,0.395162667
09/14/2015,0.577293786,0.39154281
09/15/2015,0.510179369,0.38063923
09/16/2015,0.529939442,0.386104059
09/17/2015,0.556772657,0.384373241
09/18/2015,0.653946177,0.386280729
09/19/2015,0.666269727,0.384056866
09/20/2015,0.633371147,0.379326913
09/21/2015,0.685534659,0.374442963
09/22/2015,0.479292984,0.360318453
09/23/2015,0.464301161,0.35884056
09/24/2015,0.474468478,0.357300164
09/25/2015,0.484635796,0.355759769
09/26/2015,0.710905867,0.357426687
09/27/2015,0.504970431,0.352678979
09/28/2015,0.515137749,0.351138583
09/29/2015,0.525305067,0.349598188
09/30/2015,0.556049839,0.347757393
10/01/2015,0.545639702,0.346517398
10/02/2015,0.834891306,0.348680164
10/03/2015,0.844170968,0.347826344
10/04/2015,0.605159555,0.345274614
10/05/2015,0.610788192,0.345272045
10/06/2015,0.627949573,0.345136286
10/07/2015,0.645110953,0.345000527
10/08/2015,0.662272333,0.344864769
10/09/2015,0.679433714,0.34472901
10/10/2015,0.696595094,0.344593251
10/11/2015,0.713756475,0.344457492
10/12/2015,0.730917855,0.344321734
10/13/2015,1.045629219,0.350570124
10/14/2015,0.801535175,0.344123561
10/15/2015,1.135738316,0.358232981
10/16/2015,1.030656885,0.33573554
10/17/2015,1.341186575,0.366354192
10/18/2015,1.234288575,0.351029761
10/19/2015,0.851047518,0.343371423
10/20/2015,0.868208898,0.343235664
10/21/2015,0.885370279,0.343099905
10/22/2015,0.902531659,0.342964147
10/23/2015,0.919693039,0.342828388
10/24/2015,1.182352349,0.328859541
10/25/2015,1.098606425,0.293194452
10/26/2015,1.130449548,0.2984987
10/27/2015,1.232784201,0.325155793
10/28/2015,1.374927671,0.36257295
10/29/2015,1.309761585,0.336340053
10/30/2015,1.317693655,0.332716659
10/31/2015,1.267808739,0.312372537
11/01/2015,1.271708404,0.307994216
11/02/2015,1.290077192,0.309382352
11/03/2015,1.315058976,0.312490093
11/04/2015,1.339838486,0.315465908
11/05/2015,1.364596304,0.318407606
11/06/2015,1.38929316,0.321450657
11/07/2015,1.412749265,0.325808726
11/08/2015,1.435887161,0.329814524
11/09/2015,1.465312548,0.32895417
11/10/2015,1.650790605,0.365719581
11/11/2015,1.623341146,0.354387825
11/12/2015,1.670991532,0.361703455
11/13/2015,1.78638708,0.385112758
11/14/2015,1.88297068,0.403487938
11/15/2015,1.936712077,0.409017754
11/16/2015,1.885320209,0.395083789
11/17/2015,2.335905319,0.420530349
11/18/2015,1.573772178,0.361010663
11/19/2015,1.602851813,0.362515754
11/20/2015,2.259154466,0.430190696
11/21/2015,2.059876488,0.429520683
11/22/2015,2.367998019,0.43880053
11/23/2015,2.40484491,0.442802804
11/24/2015,2.236018983,0.410126788
11/25/2015,1.946545888,0.385410419
11/26/2015,2.463275652,0.454077925
11/27/2015,2.37895411,0.456669389
11/28/2015,2.499846397,0.461584692
11/29/2015,2.300383581,0.463152759
11/30/2015,2.502876516,0.43340006
12/01/2015,1.951807433,0.380576849
12/02/2015,1.980887068,0.382081941
12/03/2015,2.009966703,0.383587032
12/04/2015,2.039046338,0.385092123
12/05/2015,2.068125973,0.386597215
12/06/2015,2.097205608,0.388102306
12/07/2015,2.669227103,0.495614558
12/08/2015,2.620105143,0.499106171
12/09/2015,2.699858212,0.503317003
12/10/2015,2.743848125,0.509246564
12/11/2015,2.793142595,0.490155289
12/12/2015,2.573087816,0.458082091
12/13/2015,2.786031218,0.516849601
12/14/2015,2.807075448,0.500408267
12/15/2015,2.320669267,0.412900972
12/16/2015,2.551026423,0.454259961
12/17/2015,2.346857819,0.416826757
12/18/2015,2.367227528,0.419841113
12/19/2015,2.387597238,0.422855469
12/20/2015,2.407966947,0.425869825
12/21/2015,2.428336657,0.428884181
12/22/2015,2.448706366,0.431898537
12/23/2015,2.469076076,0.434912892
12/24/2015,2.529084751,0.588714061
12/25/2015,2.377851545,0.5933007
12/26/2015,2.804782878,0.575919027
12/27/2015,2.959977713,0.552059714
12/28/2015,2.982415472,0.559074147
12/29/2015,2.714722894,0.482364931
12/30/2015,2.611664042,0.456013384
12/31/2015,2.632033751,0.45902774
01/01/2016,2.648078484,0.461817996
01/02/2016,2.630089656,0.631473575
01/03/2016,2.260992914,0.636248519
01/04/2016,2.913668397,0.56240437
01/05/2016,2.660357697,0.470289818
01/06/2016,2.663427501,0.472407773
01/07/2016,2.666497304,0.474525729
01/08/2016,2.669567107,0.476643684
01/09/2016,2.67263691,0.478761639
01/10/2016,2.675706713,0.480879595
01/11/2016,2.678776517,0.48299755
01/12/2016,2.68184632,0.485115506
01/13/2016,2.684916123,0.487233461
01/14/2016,2.687985926,0.489351416
01/15/2016,2.69105573,0.491469372
01/16/2016,2.694125533,0.493587327
01/17/2016,2.697195336,0.495705283
01/18/2016,2.700265139,0.497823238
01/19/2016,2.703334943,0.499941194
01/20/2016,2.706404746,0.502059149
01/21/2016,2.837703052,0.570462858
01/22/2016,2.405398076,0.714269606
01/23/2016,2.265979529,0.715070039
01/24/2016,2.428055283,0.721022475
01/25/2016,2.780579254,0.545241975
01/26/2016,2.701400375,0.509447643
01/27/2016,2.694607782,0.509325919
01/28/2016,2.495709192,0.726089179
01/29/2016,2.235846387,0.688741675
01/30/2016,2.236599344,0.687016337
01/31/2016,2.270944297,0.703119623
02/01/2016,2.329533954,0.731874329
02/02/2016,2.573894139,0.729614366
02/03/2016,2.798275358,0.688935227
02/04/2016,2.686107615,0.712506731
02/05/2016,2.897321792,0.665695774
02/06/2016,2.723831797,0.558092499
02/07/2016,2.561732549,0.740978045
02/08/2016,2.744143161,0.706193329
02/09/2016,2.6413108,0.525625421
02/10/2016,2.65034254,0.5336492
02/11/2016,2.592718893,0.507500061
02/12/2016,2.5859263,0.507378337
02/13/2016,2.579133708,0.507256614
02/14/2016,2.572341115,0.50713489
02/15/2016,2.571250771,0.509968089
02/16/2016,2.554981316,0.506274023
02/17/2016,2.540639494,0.504917461
02/18/2016,2.761181817,0.634047207
02/19/2016,2.551788909,0.521995705
02/20/2016,2.555209873,0.529114207
02/21/2016,2.807498695,0.660357423
02/22/2016,2.477750567,0.502358136
02/23/2016,2.551879992,0.542796646
02/24/2016,2.457522121,0.749388462
02/25/2016,2.431858289,0.733110546
02/26/2016,2.483030232,0.759563899
02/27/2016,2.523695853,0.784862428
02/28/2016,2.45845335,0.748922714
02/29/2016,2.468982105,0.754246041
03/01/2016,2.480582166,0.758412673
03/02/2016,2.493023563,0.750152147
03/03/2016,2.504166332,0.756024979
03/04/2016,2.531223036,0.766521408
03/05/2016,2.60150871,0.793749249
03/06/2016,2.564858931,0.788937461
03/07/2016,2.623035537,0.78682381
03/08/2016,2.686381204,0.723596088
03/09/2016,2.579711479,0.785196051
03/10/2016,2.579710081,0.783746011
03/11/2016,2.644603959,0.672636044
03/12/2016,2.184241334,0.472135646
03/13/2016,2.187011579,0.478967915
03/14/2016,2.577197223,0.784136072
03/15/2016,2.60574293,0.790112617
03/16/2016,2.606437951,0.791812244
03/17/2016,2.583701939,0.787682837
03/18/2016,2.594202848,0.791338835
03/19/2016,2.640929372,0.808356517
03/20/2016,2.622387419,0.80447603
03/21/2016,2.605057808,0.801656833
03/22/2016,2.553796896,0.820797371
03/23/2016,2.008157867,0.467690158
03/24/2016,1.956393429,0.454831381
03/25/2016,1.937406104,0.453389359
03/26/2016,1.918418778,0.451947337
03/27/2016,2.411370637,0.70993471
03/28/2016,2.082173534,0.512147564
03/29/2016,2.024882362,0.498965842
03/30/2016,1.842469477,0.446179248
03/31/2016,1.823482151,0.444737226
04/01/2016,1.804494826,0.443295204
04/02/2016,1.786755239,0.442208598
04/03/2016,1.931722979,0.489643436
04/04/2016,2.237033048,0.631978324
04/05/2016,1.919333434,0.492723228
04/06/2016,1.717460545,0.438336063
04/07/2016,1.700136871,0.43736793
04/08/2016,1.682813197,0.436399796
04/09/2016,1.665489523,0.435431662
04/10/2016,1.64816585,0.434463529
04/11/2016,1.630842176,0.433495395
04/12/2016,1.613518502,0.432527261
04/13/2016,1.596194829,0.431559127
04/14/2016,1.578871155,0.430590994
04/15/2016,1.561547481,0.42962286
04/16/2016,1.544223808,0.428654726
04/17/2016,1.847825182,0.511041169
04/18/2016,1.949489302,0.587701359
04/19/2016,1.929585493,0.640409833
04/20/2016,1.984954586,0.721322921
04/21/2016,1.993454605,0.740727934
04/22/2016,1.862240039,0.66109101
04/23/2016,1.842628617,0.634940126
04/24/2016,2.08628198,0.830404053
04/25/2016,2.206374937,0.870478122
04/26/2016,1.81036318,0.683251013
04/27/2016,1.940154071,0.791320511
04/28/2016,1.638116764,0.491967194
04/29/2016,1.702550179,0.654732958
04/30/2016,1.700649229,0.669826346
05/01/2016,1.285278398,0.418832203
05/02/2016,1.268087044,0.41854763
05/03/2016,1.250895689,0.418263057
05/04/2016,1.233704335,0.417978485
05/05/2016,1.216512981,0.417693912
05/06/2016,1.199321626,0.417409339
05/07/2016,1.182130272,0.417124767
05/08/2016,1.432339386,0.476892677
05/09/2016,1.47240643,0.652663435
05/10/2016,1.439860256,0.605226749
05/11/2016,1.280273555,0.453087422
05/12/2016,1.0961735,0.415701903
05/13/2016,1.078982146,0.415417331
05/14/2016,1.061790791,0.415132758
05/15/2016,1.044599437,0.414848185
05/16/2016,1.299198778,0.59308363
05/17/2016,1.393004261,0.754177272
05/18/2016,1.032723715,0.424812222
05/19/2016,1.268606815,0.555618481
05/20/2016,1.270982193,0.53401881
05/21/2016,1.103666616,0.44796964
05/22/2016,0.966644844,0.425170433
05/23/2016,0.909469346,0.414156982
05/24/2016,0.892678115,0.414136639
05/25/2016,1.082081917,0.623573383
05/26/2016,1.374313105,0.829373721
05/27/2016,1.2085799,0.760539246
05/28/2016,1.330468469,0.827666575
05/29/2016,1.369974987,0.856137133
05/30/2016,1.315774532,0.840024979
05/31/2016,1.2950298,0.839895311
06/01/2016,1.445823192,0.901363049
06/02/2016,1.630899171,0.966650752
06/03/2016,1.599023975,0.962448037
06/04/2016,1.658557011,0.988353155
06/05/2016,1.65738233,0.994415622
06/06/2016,1.609026135,0.984907969
06/07/2016,1.57485231,0.980090853
06/08/2016,1.538525109,0.974556537
06/09/2016,1.524609206,0.975903654
06/10/2016,1.482159357,0.963197751
06/11/2016,1.470272254,0.960789812
06/12/2016,1.449997777,0.955572571
06/13/2016,1.422298119,0.947840957
06/14/2016,1.379409846,0.934903596
06/15/2016,1.362692995,0.93092235
06/16/2016,1.346864782,0.927279896
06/17/2016,1.285980635,0.908020054
06/18/2016,1.276980946,0.906758276
06/19/2016,1.285209066,0.911608842
06/20/2016,1.227074465,0.893166543
06/21/2016,1.196648185,0.884436847
06/22/2016,1.175349599,0.87895169
06/23/2016,1.145104434,0.870273419
06/24/2016,1.116432588,0.862147231
06/25/2016,1.082185159,0.851977559
06/26/2016,1.072054429,0.850622897
06/27/2016,1.028992437,0.837171938
06/28/2016,1.011141192,0.833029639
06/29/2016,0.984640193,0.825685752
06/30/2016,0.95273541,0.816288825
07/01/2016,0.927589789,0.809444829
07/02/2016,0.899213233,0.800150017
07/03/2016,0.890656371,0.794892709
07/04/2016,0.884354639,0.790518561
07/05/2016,0.859439162,0.778914641
07/06/2016,0.834821529,0.767408746
07/07/2016,0.835226009,0.765660555
07/08/2016,0.812835602,0.755010332
07/09/2016,0.74207415,0.725355437
07/10/2016,0.597719549,0.666780631
07/11/2016,0.435461338,0.574296619
07/12/2016,0.367169891,0.422400771
07/13/2016,0.478987476,0.45642575
07/14/2016,0.331613752,0.413172764
07/15/2016,0.331529903,0.414818315
07/16/2016,0.328050644,0.415260499
07/17/2016,0.461142691,0.476363841
07/18/2016,0.442943464,0.485525119
07/19/2016,0.309377457,0.413631324
07/20/2016,0.304930198,0.413723036
07/21/2016,0.300482939,0.413814748
07/22/2016,0.29603568,0.413906459
07/23/2016,0.291588421,0.413998171
07/24/2016,0.372436299,0.433979496
07/25/2016,0.376743532,0.437576261
07/26/2016,0.283522878,0.414110809
07/27/2016,0.282912881,0.414084341
07/28/2016,0.282302883,0.414057873
07/29/2016,0.281692885,0.414031404
07/30/2016,0.281082888,0.414004936
07/31/2016,0.28047289,0.413978467
08/01/2016,0.279862892,0.413951999
08/02/2016,0.279252895,0.413925531
08/03/2016,0.278642897,0.413899062
08/04/2016,0.278032899,0.413872594
08/05/2016,0.277422902,0.413846125
08/06/2016,0.276812904,0.413819657
08/07/2016,0.277134511,0.414097862
08/08/2016,0.315214214,0.424453204
08/09/2016,0.274982911,0.413740252
08/10/2016,0.274372914,0.413713784
08/11/2016,0.273762916,0.413687315
08/12/2016,0.273152918,0.413660847
08/13/2016,0.272542921,0.413634378
08/14/2016,0.346356179,0.430279934
08/15/2016,0.387548869,0.4883584
08/16/2016,0.29011769,0.419282527
08/17/2016,0.272172732,0.412782979
08/18/2016,0.275702337,0.411265459
08/19/2016,0.279231942,0.409747939
08/20/2016,0.282761548,0.408230419
08/21/2016,0.303174763,0.41081929
08/22/2016,0.360810385,0.418399103
08/23/2016,0.2968739,0.404460467
08/24/2016,0.296879969,0.402160338
08/25/2016,0.300409575,0.400642818
08/26/2016,0.30393918,0.399125298
08/27/2016,0.307468786,0.397607778
08/28/2016,0.310998391,0.396090258
08/29/2016,0.314527997,0.394572738
08/30/2016,0.318057602,0.393055218
08/31/2016,0.321587207,0.391537698
09/01/2016,0.325116813,0.390020178
09/02/2016,0.328646418,0.388502658
09/03/2016,0.335082922,0.387324971
09/04/2016,0.477670358,0.432328704
09/05/2016,0.498025479,0.411761501
09/06/2016,0.363028165,0.384277604
09/07/2016,0.446532127,0.391091533
09/08/2016,0.349824051,0.379397537
09/09/2016,0.446867786,0.40720379
09/10/2016,0.451872998,0.336051465
09/11/2016,0.462660453,0.33344374
09/12/2016,0.472621837,0.330735866
09/13/2016,0.480866443,0.327882431
09/14/2016,0.488729041,0.325005071
09/15/2016,0.498638612,0.322245998
09/16/2016,0.507045105,0.319390033
09/17/2016,0.515618673,0.316537716
09/18/2016,0.525247715,0.313712017
09/19/2016,0.531387059,0.310785156
09/20/2016,0.540124211,0.307929223
09/21/2016,0.535116547,0.312804362
09/22/2016,0.599228601,0.365839582
09/23/2016,0.626826551,0.375576636
09/24/2016,0.528365582,0.356683136
09/25/2016,0.532539991,0.355184989
09/26/2016,0.543450808,0.353762825
09/27/2016,0.556249544,0.352350041
09/28/2016,0.584140835,0.350976324
09/29/2016,0.619718276,0.307535045
09/30/2016,0.624947746,0.279034973
10/01/2016,0.641218493,0.275350175
10/02/2016,0.664428785,0.276009703
10/03/2016,0.685012314,0.277016468
10/04/2016,0.703428864,0.277745288
10/05/2016,0.721389125,0.278417855
10/06/2016,0.738577797,0.278980116
10/07/2016,0.750330636,0.278691302
10/08/2016,0.758389093,0.278340453
10/09/2016,0.767151814,0.27970858
10/10/2016,0.780514808,0.281608822
10/11/2016,0.800015923,0.283532521
10/12/2016,0.818646022,0.284462282
10/13/2016,0.845976315,0.29251403
10/14/2016,1.06813926,0.356089859
10/15/2016,0.844082528,0.346531277
10/16/2016,0.970760887,0.348384959
10/17/2016,1.305128978,0.356672739
10/18/2016,1.068804101,0.354044993
10/19/2016,0.924562397,0.346708909
10/20/2016,0.932573411,0.346616664
10/21/2016,0.950271588,0.346633741
10/22/2016,0.967969764,0.346650819
10/23/2016,1.182639781,0.355702129
10/24/2016,1.2179736,0.357187316
10/25/2016,1.028491874,0.347428343
10/26/2016,1.054678713,0.348275469
10/27/2016,1.080865552,0.349122595
10/28/2016,1.107052391,0.34996972
10/29/2016,1.13323923,0.350816846
10/30/2016,1.159426068,0.351663972
10/31/2016,1.185612907,0.352511098
11/01/2016,1.211799746,0.353358223
11/02/2016,1.542354531,0.372717968
11/03/2016,1.401934963,0.359720018
11/04/2016,1.290360263,0.355899601
11/05/2016,1.316547102,0.356746727
11/06/2016,1.342733941,0.357593852
11/07/2016,1.36892078,0.358440978
11/08/2016,1.395107619,0.359288104
11/09/2016,1.421294458,0.36013523
11/10/2016,1.447481297,0.360982355
11/11/2016,1.473668135,0.361829481
11/12/2016,1.521608039,0.363639515
11/13/2016,1.706410355,0.374266153
11/14/2016,1.552228652,0.364370858
11/15/2016,1.578415491,0.365217984
11/16/2016,1.618545472,0.366752123
11/17/2016,1.634352555,0.367807371
11/18/2016,1.66410278,0.369549633
11/19/2016,1.90850182,0.388702363
11/20/2016,2.367296689,0.420459967
11/21/2016,1.753353454,0.374776418
11/22/2016,1.783103679,0.37651868
11/23/2016,2.466925616,0.434971929
11/24/2016,1.912659915,0.385075777
11/25/2016,2.524667265,0.443538651
11/26/2016,2.553959347,0.470850337
11/27/2016,2.031759681,0.393289218
11/28/2016,1.961605028,0.386972249
11/29/2016,1.991355253,0.388714511
11/30/2016,2.021105478,0.390456773
12/01/2016,2.070469836,0.393990888
12/02/2016,2.080605927,0.393941296
12/03/2016,2.401695497,0.436385605
12/04/2016,2.013080661,0.430395623
12/05/2016,2.037508965,0.434628376
12/06/2016,2.069339613,0.439095885
12/07/2016,2.305959604,0.488707688
12/08/2016,2.659413616,0.461284878
12/09/2016,2.512400058,0.437504345
12/10/2016,2.880711807,0.503079193
12/11/2016,2.62920455,0.533141678
12/12/2016,2.397358928,0.533664605
12/13/2016,2.848046769,0.544083593
12/14/2016,2.873366387,0.530248062
12/15/2016,2.825964682,0.501472194
12/16/2016,2.802175949,0.565389916
12/17/2016,2.893582948,0.540561463
12/18/2016,2.747005511,0.501163619
12/19/2016,2.438036738,0.579448421
12/20/2016,2.770761852,0.507780718
12/21/2016,2.533868443,0.447546434
12/22/2016,2.554382234,0.450979596
12/23/2016,2.574896026,0.454412758
12/24/2016,2.678464305,0.615109928
12/25/2016,2.19490045,0.57728723
12/26/2016,2.087548942,0.543909374
12/27/2016,2.421093165,0.62841134
12/28/2016,2.677464982,0.471578568
12/29/2016,2.697978774,0.47501173
12/30/2016,2.718492565,0.478444892
12/31/2016,2.739006356,0.481878054
01/01/2017,2.755078734,0.485058512
01/02/2017,2.757826872,0.487480861
01/03/2017,2.760575011,0.48990321
01/04/2017,2.763323149,0.492325559
01/05/2017,2.766071287,0.494747908
01/06/2017,2.768819425,0.497170257
01/07/2017,2.771567563,0.499592605
01/08/2017,2.774315701,0.502014954
01/09/2017,2.777063839,0.504437303
01/10/2017,2.796632458,0.513004832
01/11/2017,2.782560115,0.509282001
01/12/2017,2.785308254,0.511704349
01/13/2017,2.791408728,0.515467418
01/14/2017,2.79080453,0.516549047
01/15/2017,2.793552668,0.518971396
01/16/2017,2.824686585,0.533844411
01/17/2017,2.838629721,0.541728621
01/18/2017,2.987215102,0.647624316
01/19/2017,2.831252769,0.541538449
01/20/2017,2.807293359,0.53108314
01/21/2017,3.014192042,0.681223063
01/22/2017,2.539530397,0.745383591
01/23/2017,2.034473507,0.681251985
01/24/2017,2.161899498,0.709868014
01/25/2017,2.491053609,0.758818424
01/26/2017,2.543896649,0.756140799
01/27/2017,2.820064715,0.72360289
01/28/2017,2.859377816,0.719329655
01/29/2017,2.736601178,0.737065586
01/30/2017,2.772685502,0.538308205
01/31/2017,2.76578871,0.538090022
02/01/2017,2.758891918,0.537871839
02/02/2017,2.751995126,0.537653656
02/03/2017,2.745098334,0.537435473
02/04/2017,2.738201542,0.53721729
02/05/2017,2.73130475,0.536999107
02/06/2017,2.724407958,0.536780924
02/07/2017,2.717511165,0.536562741
02/08/2017,2.710614373,0.536344558
02/09/2017,2.703717581,0.536126375
02/10/2017,2.696820789,0.535908192
02/11/2017,2.689923997,0.535690009
02/12/2017,2.683027205,0.535471827
02/13/2017,2.676130413,0.535253644
02/14/2017,2.830434926,0.745370962
02/15/2017,2.81286553,0.754242398
02/16/2017,2.65345319,0.535216221
02/17/2017,2.636192096,0.531957257
02/18/2017,2.621694597,0.530247595
02/19/2017,2.607197097,0.528537932
02/20/2017,2.592699598,0.526828269
02/21/2017,2.578202099,0.525118607
02/22/2017,2.5637046,0.523408944
02/23/2017,2.549207101,0.521699281
02/24/2017,2.534709601,0.519989619
02/25/2017,2.752985719,0.642663935
02/26/2017,2.812125953,0.729372199
02/27/2017,2.777553858,0.654274481
02/28/2017,2.81969352,0.670338226
03/01/2017,2.780814015,0.75859106
03/02/2017,2.462821128,0.51652735
03/03/2017,2.433227107,0.50802198
03/04/2017,2.421965328,0.507725269
03/05/2017,2.794679269,0.713794948
03/06/2017,2.796032692,0.685262217
03/07/2017,2.502866655,0.555274162
03/08/2017,2.360739611,0.499473667
03/09/2017,2.346242112,0.497764004
03/10/2017,2.331744612,0.496054342
03/11/2017,2.595778345,0.821929159
03/12/2017,2.594692348,0.823421619
03/13/2017,2.675273403,0.81501983
03/14/2017,2.253950613,0.489049077
03/15/2017,2.707713395,0.725345925
03/16/2017,2.692516704,0.768932838
03/17/2017,2.678438252,0.728988134
03/18/2017,2.65011483,0.689954521
03/19/2017,2.60762785,0.833249589
03/20/2017,2.172467397,0.491727965
03/21/2017,2.116106671,0.476775524
03/22/2017,2.09641468,0.475022159
03/23/2017,2.076722688,0.473268794
03/24/2017,2.173326781,0.511536459
03/25/2017,2.037338705,0.469762065
03/26/2017,2.017646713,0.4680087
03/27/2017,2.008268042,0.469697008
03/28/2017,1.97826273,0.46450197
03/29/2017,1.958570738,0.462748606
03/30/2017,1.938878746,0.460995241
03/31/2017,1.919186755,0.459241876
04/01/2017,1.899494763,0.457488511
04/02/2017,1.879802771,0.455735146
04/03/2017,1.861761763,0.454564308
04/04/2017,1.843720755,0.45339347
04/05/2017,1.825679747,0.452222631
04/06/2017,1.807638739,0.451051793
04/07/2017,1.789597731,0.449880954
04/08/2017,1.771556723,0.448710116
04/09/2017,1.753515715,0.447539277
04/10/2017,1.735474706,0.446368439
04/11/2017,1.717433698,0.445197601
04/12/2017,1.69939269,0.444026762
04/13/2017,1.681351682,0.442855924
04/14/2017,1.663310674,0.441685085
04/15/2017,1.645269666,0.440514247
04/16/2017,1.779926977,0.48041925
04/17/2017,1.60918765,0.43817257
04/18/2017,2.234473894,0.865020879
04/19/2017,2.590969919,0.952085036
04/20/2017,2.192255817,0.857247789
04/21/2017,1.848930583,0.508055182
04/22/2017,1.518982609,0.432318378
04/23/2017,1.500941601,0.431147539
04/24/2017,1.482900593,0.429976701
04/25/2017,1.464913186,0.428940552
04/26/2017,1.44715805,0.428488057
04/27/2017,1.429402914,0.428035562
04/28/2017,1.411647778,0.427583067
04/29/2017,1.393892642,0.427130572
04/30/2017,1.559376666,0.469108599
05/01/2017,1.790572929,0.56327427
05/02/2017,1.395706613,0.440571981
05/03/2017,1.322872098,0.425320591
05/04/2017,1.305116962,0.424868096
05/05/2017,1.287361826,0.424415601
05/06/2017,1.26960669,0.423963106
05/07/2017,1.251851554,0.423510611
05/08/2017,1.234096418,0.423058116
05/09/2017,1.216341282,0.422605621
05/10/2017,1.198586146,0.422153126
05/11/2017,1.180831009,0.421700631
05/12/2017,1.163075873,0.421248136
05/13/2017,1.145320737,0.420795641
05/14/2017,1.13320619,0.421819326
05/15/2017,1.109810465,0.419890651
05/16/2017,1.107881145,0.423559245
05/17/2017,1.074300193,0.41898566
05/18/2017,1.072203645,0.422657982
05/19/2017,1.039266232,0.41842097
05/20/2017,1.38659686,0.508411609
05/21/2017,1.276540429,0.591210344
05/22/2017,1.303636496,0.492593424
05/23/2017,1.172497841,0.456822626
05/24/2017,0.952222591,0.417395947
05/25/2017,0.95530074,0.4226534
05/26/2017,1.217807873,0.489100592
05/27/2017,1.094169971,0.63433156
05/28/2017,1.130123529,0.724942874
05/29/2017,1.800460813,1.031782549
05/30/2017,1.70178448,1.005918978
05/31/2017,1.670717529,1.001942328
06/01/2017,1.684903786,1.012906117
06/02/2017,1.599670093,0.991057795
06/03/2017,1.410899711,0.934349319
06/04/2017,0.904373743,0.630451756
06/05/2017,1.014876835,0.485191997
06/06/2017,0.735832501,0.417533569
06/07/2017,0.779571738,0.43392761
06/08/2017,0.747475629,0.430430228
06/09/2017,0.846663082,0.447089684
06/10/2017,0.859418563,0.458919301
06/11/2017,0.667739636,0.419185013
06/12/2017,0.637934976,0.413506475
06/13/2017,0.626956773,0.413303662
06/14/2017,0.61597857,0.413100849
06/15/2017,0.605000367,0.412898036
06/16/2017,0.594022164,0.412695223
06/17/2017,0.583043962,0.41249241
06/18/2017,0.572065759,0.412289597
06/19/2017,0.579368633,0.417684477
06/20/2017,0.550109353,0.411883971
06/21/2017,0.53913115,0.411681158
06/22/2017,0.528152947,0.411478345
06/23/2017,0.517174744,0.411275533
06/24/2017,0.632632602,0.436307414
06/25/2017,0.575978469,0.559252036
06/26/2017,0.652799794,0.508188884
06/27/2017,0.59346507,0.434723332
06/28/2017,0.46228373,0.410261468
06/29/2017,0.499173363,0.425901652
06/30/2017,0.638141511,0.481115104
07/01/2017,0.429349121,0.409653029
07/02/2017,0.418370918,0.409450216
07/03/2017,0.413495051,0.40992654
07/04/2017,0.407372821,0.409508107
07/05/2017,0.402656509,0.409570162
07/06/2017,0.397940197,0.409632216
07/07/2017,0.393223885,0.40969427
07/08/2017,0.403628859,0.415021581
07/09/2017,0.514934227,0.444197611
07/10/2017,0.46970383,0.531790971
07/11/2017,0.460211971,0.429502237
07/12/2017,0.426790182,0.426372655
07/13/2017,0.366199563,0.410519103
07/14/2017,0.450781131,0.430063729
07/15/2017,0.469653645,0.439045707
07/16/2017,0.4483574,0.431636376
07/17/2017,0.409333448,0.427126976
07/18/2017,0.341344451,0.410376864
07/19/2017,0.336628139,0.410438918
07/20/2017,0.331911826,0.410500972
07/21/2017,0.327195514,0.410563027
07/22/2017,0.322479202,0.410625081
07/23/2017,0.31776289,0.410687135
07/24/2017,0.313046578,0.410749189
07/25/2017,0.308330265,0.410811243
07/26/2017,0.307571702,0.410801975
07/27/2017,0.307076988,0.410787951
07/28/2017,0.306582274,0.410773928
07/29/2017,0.30608756,0.410759905
07/30/2017,0.305592846,0.410745882
07/31/2017,0.305098133,0.410731859
08/01/2017,0.304603419,0.410717836
08/02/2017,0.304108705,0.410703813
08/03/2017,0.303613991,0.41068979
08/04/2017,0.303119277,0.410675767
08/05/2017,0.302624563,0.410661744
08/06/2017,0.30212985,0.410647721
08/07/2017,0.301635136,0.410633698
08/08/2017,0.301140422,0.410619675
08/09/2017,0.300645708,0.410605652
08/10/2017,0.300150994,0.410591629
08/11/2017,0.29965628,0.410577606
08/12/2017,0.299161567,0.410563583
08/13/2017,0.298666853,0.41054956
08/14/2017,0.298172139,0.410535537
08/15/2017,0.297677425,0.410521514
08/16/2017,0.297182711,0.410507491
08/17/2017,0.297243065,0.410309834
08/18/2017,0.301188893,0.408826737
08/19/2017,0.30513472,0.407343641
08/20/2017,0.328952449,0.411498818
08/21/2017,0.313026375,0.404377448
08/22/2017,0.316972203,0.402894351
08/23/2017,0.32091803,0.401411255
08/24/2017,0.324863858,0.399928158
08/25/2017,0.399563185,0.468966872
08/26/2017,0.400465533,0.454992107
08/27/2017,0.412201558,0.431175532
08/28/2017,0.424140278,0.484576509
08/29/2017,0.505749069,0.445235324
08/30/2017,0.481590361,0.465716289
08/31/2017,0.41936231,0.462238301
09/01/2017,0.424590957,0.463639422
09/02/2017,0.419416506,0.438020411
09/03/2017,0.469901165,0.456641813
09/04/2017,0.527792379,0.409847773
09/05/2017,0.372213788,0.382131
09/06/2017,0.381418374,0.381284413
09/07/2017,0.39432559,0.380767844
09/08/2017,0.384051271,0.377681711
09/09/2017,0.390441601,0.376252229
09/10/2017,0.402209837,0.374940701
09/11/2017,0.413978073,0.373629173
09/12/2017,0.425746309,0.372317645
09/13/2017,0.437514545,0.371006117
09/14/2017,0.449282781,0.369694589
09/15/2017,0.461051017,0.368383061
09/16/2017,0.472819252,0.367071532
09/17/2017,0.484587488,0.365760004
09/18/2017,0.496355724,0.364448476
09/19/2017,0.50812396,0.363136948
09/20/2017,0.519892196,0.36182542
09/21/2017,0.557819374,0.361436022
09/22/2017,0.547005378,0.359316916
09/23/2017,0.564051747,0.358147457
09/24/2017,0.56696514,0.356579308
09/25/2017,0.578733376,0.355267779
09/26/2017,0.590501612,0.353956251
09/27/2017,0.602269848,0.352644723
09/28/2017,0.581599071,0.299401447
09/29/2017,0.638261794,0.331059732
09/30/2017,0.733810628,0.375239509
10/01/2017,1.096241268,0.383077229
10/02/2017,0.936894934,0.355689784
10/03/2017,0.900085222,0.377187395
10/04/2017,0.767548582,0.349926999
10/05/2017,0.777306464,0.344467572
10/06/2017,0.757391097,0.32600992
10/07/2017,0.707310072,0.289202152
10/08/2017,0.726689005,0.29112785
10/09/2017,0.743829335,0.290972697
10/10/2017,0.759735825,0.289925699
10/11/2017,0.77250875,0.283835823
10/12/2017,0.811941345,0.286201192
10/13/2017,0.850213224,0.29261858
10/14/2017,0.873400259,0.29567938
10/15/2017,0.895136248,0.298362088
10/16/2017,0.914443675,0.300292831
10/17/2017,0.930989119,0.301294228
10/18/2017,0.934095843,0.297409432
10/19/2017,0.929773979,0.291256164
10/20/2017,0.93234979,0.288287461
10/21/2017,0.943102144,0.287783367
10/22/2017,0.959358758,0.288929734
10/23/2017,0.976253141,0.289653395
10/24/2017,1.007218276,0.295870735
10/25/2017,1.055931265,0.307799232
10/26/2017,1.15867656,0.332130136
10/27/2017,1.30848857,0.368586836
10/28/2017,1.096831314,0.304606758
10/29/2017,1.118305948,0.306657359
10/30/2017,1.449074379,0.391237043
10/31/2017,1.207833562,0.323483755
11/01/2017,1.205206211,0.318983462
11/02/2017,1.325030291,0.345579771
11/03/2017,1.503571942,0.386377828
11/04/2017,1.508025123,0.383122566
11/05/2017,1.592848443,0.399673046
11/06/2017,2.244020603,0.424076308
11/07/2017,1.446052729,0.364725585
11/08/2017,1.473297784,0.365750213
11/09/2017,2.30613878,0.423320722
11/10/2017,1.649247435,0.392804878
11/11/2017,2.194216119,0.433403245
11/12/2017,1.937112681,0.396864057
11/13/2017,1.939329436,0.398180361
11/14/2017,1.660147552,0.372977619
11/15/2017,1.664013169,0.372922606
11/16/2017,1.691258224,0.373947233
11/17/2017,1.721422391,0.375827771
11/18/2017,1.752003575,0.377830582
11/19/2017,1.782584759,0.379833393
11/20/2017,2.194934908,0.45977315
11/21/2017,2.634256042,0.461473264
11/22/2017,2.631166869,0.471455951
11/23/2017,2.155318051,0.471274675
11/24/2017,2.330490751,0.430589619
11/25/2017,1.966071861,0.391850259
11/26/2017,1.996653045,0.39385307
11/27/2017,2.027234229,0.395855881
11/28/2017,2.057815413,0.397858691
11/29/2017,2.088396596,0.399861502
11/30/2017,2.11897778,0.401864313
12/01/2017,2.149558964,0.403867124
12/02/2017,2.180140148,0.405869935
12/03/2017,2.210721331,0.407872746
12/04/2017,2.241302515,0.409875557
12/05/2017,2.271883699,0.411878368
12/06/2017,2.570305535,0.454814591
12/07/2017,2.943596255,0.528778414
12/08/2017,2.234679676,0.491587506
12/09/2017,2.259962393,0.497381222
12/10/2017,2.962474191,0.549547706
12/11/2017,2.989274547,0.504070709
12/12/2017,2.465931627,0.433051749
12/13/2017,2.476576163,0.435621315
12/14/2017,2.497321776,0.439524547
12/15/2017,2.518067389,0.443427778
12/16/2017,2.795655432,0.506665733
12/17/2017,2.818448265,0.514327691
12/18/2017,2.580304228,0.455137474
12/19/2017,2.61908871,0.462325961
12/20/2017,2.621795454,0.462943937
12/21/2017,2.642541067,0.466847169
12/22/2017,2.66328668,0.470750401
12/23/2017,2.684032293,0.474653632
12/24/2017,2.704777906,0.478556864
12/25/2017,2.734046687,0.484446016
12/26/2017,2.986548353,0.573294655
12/27/2017,2.771209586,0.491323458
12/28/2017,3.02917549,0.58935053
12/29/2017,2.919394411,0.645333964
12/30/2017,2.946979943,0.535241023
12/31/2017,2.553154912,0.686681951
01/01/2018,2.450133139,0.688777345
01/02/2018,2.350376705,0.689020742
01/03/2018,2.605354309,0.70016799
01/04/2018,3.141668559,0.640808485
01/05/2018,2.875700936,0.520486109
01/06/2018,2.878087884,0.523234156
01/07/2018,2.880474832,0.525982203
01/08/2018,2.882861781,0.52873025
01/09/2018,2.885248729,0.531478296
01/10/2018,2.887635677,0.534226343
01/11/2018,2.890022625,0.53697439
01/12/2018,2.175128212,0.722514755
01/13/2018,2.174622437,0.726556894
01/14/2018,2.908831565,0.550606281
01/15/2018,2.899570418,0.547966577
01/16/2018,2.901957366,0.550714624
01/17/2018,2.904344314,0.553462671
01/18/2018,2.906731262,0.556210718
01/19/2018,2.90911821,0.558958764
01/20/2018,2.911505158,0.561706811
01/21/2018,2.913892107,0.564454858
01/22/2018,2.916279055,0.567202905
01/23/2018,2.918666003,0.569950952
01/24/2018,2.916955576,0.571354511
01/25/2018,2.909977095,0.571029443
01/26/2018,2.902998614,0.570704374
01/27/2018,2.896020134,0.570379306
01/28/2018,2.987351505,0.648817054
01/29/2018,2.924734793,0.597237488
01/30/2018,3.015528788,0.702872179
01/31/2018,2.68723699,0.791378714
02/01/2018,2.925163557,0.609791474
02/02/2018,2.854149249,0.568428898
02/03/2018,2.865388997,0.579733673
02/04/2018,2.90235642,0.76538405
02/05/2018,2.801267858,0.784842333
02/06/2018,2.838154605,0.574693701
02/07/2018,2.953037994,0.678363097
02/08/2018,2.963960818,0.696727843
02/09/2018,2.805299884,0.566153421
02/10/2018,2.798321403,0.565828353
02/11/2018,2.791342922,0.565503284
02/12/2018,2.784364441,0.565178216
02/13/2018,2.777385961,0.564853148
02/14/2018,2.77040748,0.56452808
02/15/2018,2.763428999,0.564203012
02/16/2018,2.751687428,0.562774711
02/17/2018,2.737088003,0.56068447
02/18/2018,2.722488578,0.55859423
02/19/2018,2.707889153,0.556503989
02/20/2018,2.693289727,0.554413748
02/21/2018,2.678690302,0.552323508
02/22/2018,2.664090877,0.550233267
02/23/2018,2.649491452,0.548143026
02/24/2018,2.634892027,0.546052786
02/25/2018,2.620292602,0.543962545
02/26/2018,2.605693176,0.541872304
02/27/2018,2.591093751,0.539782064
02/28/2018,2.576494326,0.537691823
03/01/2018,2.561894901,0.535601582
03/02/2018,2.547295476,0.533511342
03/03/2018,2.532696051,0.531421101
03/04/2018,2.518096625,0.52933086
03/05/2018,2.5034972,0.52724062
03/06/2018,2.488897775,0.525150379
03/07/2018,2.47429835,0.523060138
03/08/2018,2.459698925,0.520969898
03/09/2018,2.445099499,0.518879657
03/10/2018,2.430500074,0.516789416
03/11/2018,2.411216224,0.514706686
03/12/2018,2.390851352,0.512625689
03/13/2018,2.37048648,0.510544691
03/14/2018,2.350121608,0.508463694
03/15/2018,2.329756737,0.506382697
03/16/2018,2.309391865,0.5043017
03/17/2018,2.289026993,0.502220702
03/18/2018,2.268662121,0.500139705
03/19/2018,2.24829725,0.498058708
03/20/2018,2.227932378,0.49597771
03/21/2018,2.433519372,0.573381223
03/22/2018,2.219824257,0.503270491
03/23/2018,2.166837763,0.489734719
03/24/2018,2.146472891,0.487653721
03/25/2018,2.126108019,0.485572724
03/26/2018,2.105743147,0.483491727
03/27/2018,2.085378276,0.481410729
03/28/2018,2.065013404,0.479329732
03/29/2018,2.044648532,0.477248735
03/30/2018,2.02428366,0.475167738
03/31/2018,2.003918789,0.47308674
04/01/2018,1.983553917,0.471005743
04/02/2018,1.963189045,0.468924746
04/03/2018,1.944453922,0.467544094
04/04/2018,1.925718798,0.466163443
04/05/2018,1.906983675,0.464782792
04/06/2018,1.888248551,0.46340214
04/07/2018,2.185525934,0.54607796
04/08/2018,2.461883927,0.883207548
04/09/2018,2.428894193,0.844684674
04/10/2018,2.362705616,0.726370971
04/11/2018,2.309355967,0.59779863
04/12/2018,1.77583781,0.455118232
04/13/2018,1.757102687,0.45373758
04/14/2018,1.738367563,0.452356929
04/15/2018,1.71963244,0.450976278
04/16/2018,1.700897316,0.449595626
04/17/2018,1.685798407,0.449227195
04/18/2018,1.663427069,0.446834323
04/19/2018,1.644691946,0.445453672
04/20/2018,1.625956822,0.444073021
04/21/2018,1.607221699,0.442692369
04/22/2018,1.588486575,0.441311718
04/23/2018,1.569751452,0.439931066
04/24/2018,1.551016328,0.438550415
04/25/2018,1.532366853,0.437311316
04/26/2018,1.514088522,0.436685609
04/27/2018,1.495810191,0.436059903
04/28/2018,1.477531859,0.435434196
04/29/2018,1.459253528,0.43480849
04/30/2018,1.440975197,0.434182783
05/01/2018,1.422696866,0.433557077
05/02/2018,1.404418534,0.43293137
05/03/2018,1.386140203,0.432305663
05/04/2018,1.367861872,0.431679957
05/05/2018,1.349583541,0.43105425
05/06/2018,1.331305209,0.430428544
05/07/2018,1.313026878,0.429802837
05/08/2018,1.294748547,0.429177131
05/09/2018,1.276470216,0.428551424
05/10/2018,1.258191884,0.427925718
05/11/2018,1.239913553,0.427300011
05/12/2018,1.221635222,0.426674305
05/13/2018,1.633735774,0.530183432
05/14/2018,1.603046662,0.543874119
05/15/2018,1.166800228,0.424797185
05/16/2018,1.148521897,0.424171478
05/17/2018,1.130243566,0.423545772
05/18/2018,1.112074393,0.423007424
05/19/2018,1.094087153,0.422614674
05/20/2018,1.092441448,0.426365193
05/21/2018,1.321278456,0.624742805
05/22/2018,1.421070172,0.531943806
05/23/2018,1.380729324,0.506277493
05/24/2018,1.006903309,0.421360142
05/25/2018,1.024641369,0.430215417
05/26/2018,0.968176468,0.419865425
05/27/2018,0.950189227,0.419472675
05/28/2018,0.932201986,0.419079925
05/29/2018,0.914214746,0.418687175
05/30/2018,0.896227505,0.418294425
05/31/2018,0.878240264,0.417901675
06/01/2018,0.860253024,0.417508925
06/02/2018,0.844685135,0.417766561
06/03/2018,0.831242577,0.418605508
06/04/2018,0.806291302,0.416330676
06/05/2018,0.788304061,0.415937926
06/06/2018,0.77031682,0.415545176
06/07/2018,0.75232958,0.415152426
06/08/2018,0.734342339,0.414759676
06/09/2018,0.716355098,0.414366926
06/10/2018,0.702047299,0.41401045
06/11/2018,0.690601288,0.413682187
06/12/2018,0.679155277,0.413353924
06/13/2018,0.667709267,0.413025661
06/14/2018,0.656263256,0.412697398
06/15/2018,0.644817245,0.412369135
06/16/2018,0.633371234,0.412040872
06/17/2018,0.621925223,0.411712609
06/18/2018,0.764268171,0.440485917
06/19/2018,0.824169313,0.785665151
06/20/2018,1.282025863,0.991937574
06/21/2018,1.439327556,1.055105311
06/22/2018,1.190916933,0.961570226
06/23/2018,0.631977888,0.640055552
06/24/2018,0.541803147,0.409414767
06/25/2018,0.530357136,0.409086504
06/26/2018,0.528571017,0.411818321
06/27/2018,0.507465114,0.408429978
06/28/2018,0.496019103,0.408101715
06/29/2018,0.484573093,0.407773452
06/30/2018,0.473127082,0.407445188
07/01/2018,0.461681071,0.407116925
07/02/2018,0.45023506,0.406788662
07/03/2018,0.443634773,0.406730704
07/04/2018,0.464367275,0.415463051
07/05/2018,0.810870906,0.830261688
07/06/2018,0.723111719,0.790002118
07/07/2018,0.549152609,0.69541114
07/08/2018,0.523162654,0.537565479
07/09/2018,0.477876754,0.626399189
07/10/2018,0.595165122,0.466212516
07/11/2018,0.403754407,0.406987853
07/12/2018,0.398769362,0.407019996
07/13/2018,0.393784316,0.40705214
07/14/2018,0.38879927,0.407084283
07/15/2018,0.383814224,0.407116427
07/16/2018,0.378829179,0.407148571
07/17/2018,0.384736969,0.411118521
07/18/2018,0.368859087,0.407212858
07/19/2018,0.363874042,0.407245001
07/20/2018,0.358888996,0.407277145
07/21/2018,0.35390395,0.407309288
07/22/2018,0.348918905,0.407341432
07/23/2018,0.343933859,0.407373576
07/24/2018,0.338948813,0.407405719
07/25/2018,0.333963767,0.407437863
07/26/2018,0.333322934,0.407437889
07/27/2018,0.332971715,0.407435775
07/28/2018,0.332620496,0.407433661
07/29/2018,0.450391207,0.442396837
07/30/2018,0.461550707,0.447629104
07/31/2018,0.398820014,0.424958962
08/01/2018,0.440254535,0.530014372
08/02/2018,0.374215473,0.421770202
08/03/2018,0.404269221,0.425557819
08/04/2018,0.408525603,0.426259089
08/05/2018,0.425035728,0.549180161
08/06/2018,0.45882522,0.504336107
08/07/2018,0.375722437,0.42163414
08/08/2018,0.358333041,0.417932214
08/09/2018,0.363258517,0.419740763
08/10/2018,0.328054649,0.407406173
08/11/2018,0.330834197,0.408499627
08/12/2018,0.380215009,0.422069865
08/13/2018,0.328054942,0.407764391
08/14/2018,0.326649773,0.407397716
08/15/2018,0.326298554,0.407395601
08/16/2018,0.325947335,0.407393487
08/17/2018,0.326189755,0.407210979
08/18/2018,0.330587654,0.405765716
08/19/2018,0.334985553,0.404320454
08/20/2018,0.339383452,0.402875191
08/21/2018,0.34378135,0.401429929
08/22/2018,0.348179249,0.399984667
08/23/2018,0.352577148,0.398539404
08/24/2018,0.356975047,0.397094142
08/25/2018,0.361372946,0.395648879
08/26/2018,0.365770844,0.394203617
08/27/2018,0.370168743,0.392758354
08/28/2018,0.374566642,0.391313092
08/29/2018,0.378964541,0.389867829
08/30/2018,0.383362439,0.388422567
08/31/2018,0.387760338,0.386977305
09/01/2018,0.392158237,0.385532042
09/02/2018,0.396556136,0.38408678
09/03/2018,0.400954035,0.382641517
09/04/2018,0.500332867,0.397582133
09/05/2018,0.613269268,0.452195185
09/06/2018,0.4176754,0.378807708
09/07/2018,0.41976166,0.377023593
09/08/2018,0.422943529,0.375415205
09/09/2018,0.431170826,0.374194682
09/10/2018,0.649288061,0.410851153
09/11/2018,0.618148206,0.440603917
09/12/2018,0.482808256,0.415723651
09/13/2018,0.709424131,0.433283513
09/14/2018,0.458616479,0.363886391
09/15/2018,0.467982259,0.336029068
09/16/2018,0.473931425,0.332836846
09/17/2018,0.483052314,0.329608714
09/18/2018,0.487782951,0.33933352
09/19/2018,0.496457047,0.338006118
09/20/2018,0.506321731,0.319929448
09/21/2018,0.535429081,0.318313509
09/22/2018,0.553431448,0.317021749
09/23/2018,0.563769709,0.31407791
09/24/2018,0.573165999,0.310962206
09/25/2018,0.581712267,0.307772067
09/26/2018,0.589373601,0.30431081
09/27/2018,0.598670773,0.301298276
09/28/2018,0.608113323,0.298297302
09/29/2018,0.6176721,0.295297605
09/30/2018,0.625958176,0.291936412
10/01/2018,0.634216023,0.288553377
10/02/2018,0.647744294,0.287671856
10/03/2018,0.664915355,0.288922356
10/04/2018,0.680423722,0.289756208
10/05/2018,0.696869031,0.290861774
10/06/2018,0.713069455,0.291920977
10/07/2018,0.728872926,0.292881573
10/08/2018,0.743258964,0.293415248
10/09/2018,0.758704328,0.294274836
10/10/2018,0.772563898,0.294616964
10/11/2018,0.788716228,0.295715629
10/12/2018,0.80515387,0.296936176
10/13/2018,0.821836083,0.298273362
10/14/2018,0.837521202,0.299273366
10/15/2018,0.853775558,0.300504797
10/16/2018,0.869263097,0.301460149
10/17/2018,0.885569773,0.302757203
10/18/2018,0.902332231,0.304272726
10/19/2018,0.916186922,0.304582713
10/20/2018,0.928199921,0.304054725
10/21/2018,0.939169708,0.302982895
10/22/2018,0.952119602,0.302730573
10/23/2018,0.966204114,0.302965778
10/24/2018,0.980093847,0.303079732
10/25/2018,0.998341574,0.306445387
10/26/2018,1.021009895,0.312953692
10/27/2018,1.043757302,0.320171874
10/28/2018,1.068551564,0.329964748
10/29/2018,1.089044601,0.337467683
10/30/2018,1.106981237,0.34302813
10/31/2018,1.124590514,0.34845351
11/01/2018,1.143301992,0.355445653
11/02/2018,1.161906621,0.36286116
11/03/2018,1.18276458,0.374463505
11/04/2018,1.203777692,0.388163871
11/05/2018,1.220195879,0.395169935
11/06/2018,1.235066619,0.399180472
11/07/2018,1.247477034,0.396077377
11/08/2018,1.259359292,0.387947092
11/09/2018,1.274585491,0.387189706
11/10/2018,1.290278222,0.385751413
11/11/2018,1.308302126,0.383552898
11/12/2018,1.326696793,0.385117017
11/13/2018,1.343636655,0.391480689
11/14/2018,1.359215279,0.400280432
11/15/2018,1.379980992,0.397622655
11/16/2018,1.404208698,0.390242674
11/17/2018,1.421064038,0.389973856
11/18/2018,1.433189256,0.396344358
11/19/2018,1.446574919,0.400805644
11/20/2018,1.460991559,0.404204474
11/21/2018,1.47816748,0.405229589
11/22/2018,1.494072871,0.407926156
11/23/2018,1.508448088,0.412098568
11/24/2018,1.52335855,0.416165434
11/25/2018,1.541892501,0.419205269
11/26/2018,1.558991789,0.422799451
11/27/2018,1.577120187,0.426166087
11/28/2018,1.617616179,0.423426727
11/29/2018,1.649452024,0.423531839
11/30/2018,1.672097065,0.426301428
12/01/2018,1.686608533,0.431194335
12/02/2018,1.697069777,0.437021235
12/03/2018,1.712705455,0.441551948
12/04/2018,1.726282047,0.446534973
12/05/2018,1.75156378,0.448918065
12/06/2018,1.771116323,0.452628672
12/07/2018,1.788232607,0.456876847
12/08/2018,1.743424505,0.473637007
12/09/2018,1.710763,0.491032873
12/10/2018,1.705435832,0.497726263
12/11/2018,1.713391823,0.499548018
12/12/2018,1.734225675,0.49855817
12/13/2018,1.775645871,0.495473191
12/14/2018,1.736973017,0.508563744
12/15/2018,1.726714819,0.5159276
12/16/2018,1.793428314,0.507483829
12/17/2018,1.857678199,0.505607279
12/18/2018,1.878021461,0.50902966
12/19/2018,1.890774369,0.513155056
12/20/2018,1.905460944,0.51894381
12/21/2018,1.806758926,0.53262984
12/22/2018,1.863194598,0.532190872
12/23/2018,1.912084318,0.537085291
12/24/2018,1.908107565,0.54266866
12/25/2018,1.901891056,0.548080887
12/26/2018,1.900247212,0.553841442
12/27/2018,1.886651945,0.558684103
12/28/2018,1.811626291,0.57029607
12/29/2018,1.766275884,0.580879814
12/30/2018,1.750577913,0.588897715
12/31/2018,1.752105916,0.593688272
01/01/2019,1.778236236,0.596155249
01/02/2019,1.776603979,0.602995602
01/03/2019,1.745155622,0.614966499
01/04/2019,1.741791824,0.62292013
01/05/2019,1.794588727,0.619977591
01/06/2019,1.822299743,0.621493865
01/07/2019,1.821195153,0.627871893
01/08/2019,1.834609015,0.63135777
01/09/2019,1.826642638,0.639110775
01/10/2019,1.8167264,0.647494588
01/11/2019,1.81932014,0.653165742
01/12/2019,1.821543585,0.658883029
01/13/2019,1.800550021,0.670546266
01/14/2019,1.807975811,0.675047043
01/15/2019,1.81387454,0.679824113
01/16/2019,1.816394905,0.685465684
01/17/2019,1.808762922,0.694119643
01/18/2019,1.805545262,0.701571964
01/19/2019,1.800625439,0.709651083
01/20/2019,1.688240604,0.759890429
01/21/2019,1.756794219,0.737949785
01/22/2019,1.834344028,0.717440255
01/23/2019,1.881802694,0.707196152
01/24/2019,1.790998359,0.746704355
01/25/2019,1.933677828,0.709587159
01/26/2019,2.011693243,0.719697283
01/27/2019,1.989952391,0.710420237
01/28/2019,2.006957319,0.712442703
01/29/2019,1.976893968,0.722127577
01/30/2019,1.928249653,0.739976262
01/31/2019,2.091839236,0.749536803
02/01/2019,2.121634567,0.763271924
02/02/2019,2.018005926,0.735021879
02/03/2019,2.022535451,0.739288725
02/04/2019,2.0286598,0.743302913
02/05/2019,2.038642164,0.746624996
02/06/2019,1.99873957,0.765993535
02/07/2019,1.986089582,0.78108174
02/08/2019,1.953874361,0.806544417
02/09/2019,1.94115257,0.822723279
02/10/2019,1.983331919,0.810418599
02/11/2019,2.013037817,0.804210752
02/12/2019,2.044226092,0.796833404
02/13/2019,2.032951596,0.812648178
02/14/2019,2.059485642,0.807522444
02/15/2019,2.082069303,0.804361326
02/16/2019,2.097020843,0.808221481
02/17/2019,2.115911727,0.811497466
02/18/2019,2.118991222,0.825020708
02/19/2019,2.162778703,0.812065523
02/20/2019,2.210908819,0.797204384
02/21/2019,2.219758243,0.804144275
02/22/2019,2.279491853,0.793027114
02/23/2019,2.31074998,0.791062143
02/24/2019,2.331652972,0.791962964
02/25/2019,2.378999969,0.811699361
02/26/2019,2.364375693,0.797628441
02/27/2019,2.398069458,0.811704947
02/28/2019,2.428875221,0.824364264
03/01/2019,2.394434217,0.811565137
03/02/2019,2.410429931,0.814339446
03/03/2019,2.429979894,0.814946392
03/04/2019,2.414720049,0.849381718
03/05/2019,2.416629792,0.883513795
03/06/2019,2.455316247,0.851952524
03/07/2019,2.487586333,0.831701719
03/08/2019,2.509873433,0.825145404
03/09/2019,2.523256559,0.83148684
03/10/2019,2.537773778,0.840494991
03/11/2019,2.551809507,0.844965618
03/12/2019,2.565413732,0.849954394
03/13/2019,2.577037609,0.85299627
03/14/2019,2.5955558,0.861430621
03/15/2019,2.604496596,0.86330172
03/16/2019,2.639798151,0.880883635
03/17/2019,2.647696139,0.879450443
03/18/2019,2.647557103,0.878617687
03/19/2019,2.662297886,0.883707833
03/20/2019,2.674870724,0.888079205
03/21/2019,2.687172407,0.892421134
03/22/2019,2.6984371,0.896527451
03/23/2019,2.675053434,0.891809274
03/24/2019,2.657806704,0.90224106
03/25/2019,2.659829934,0.924759113
03/26/2019,2.67247588,0.9044057
03/27/2019,2.676667538,0.912978243
03/28/2019,2.685106287,0.914217581
03/29/2019,2.69484835,0.915490386
03/30/2019,2.694360858,0.924688792
03/31/2019,2.810124747,0.937214296
04/01/2019,2.912554499,0.960248654
04/02/2019,2.772361804,0.934753426
04/03/2019,2.695070982,0.941035862
04/04/2019,2.684742213,0.944059322
04/05/2019,2.656235203,0.949704721
04/06/2019,2.639921392,0.952420002
04/07/2019,2.765616943,0.966710844
04/08/2019,2.995042584,1.034096045
04/09/2019,2.988090912,1.038280954
04/10/2019,3.107745816,1.090321069
04/11/2019,3.137117267,1.107543645
04/12/2019,3.128804426,1.110716925
04/13/2019,2.973079421,1.060669694
04/14/2019,3.261432506,1.17793042
04/15/2019,3.18076064,1.148241481
04/16/2019,2.908339897,1.06163128
04/17/2019,2.825599969,1.049666391
04/18/2019,2.875127032,1.06839925
04/19/2019,3.081191801,1.139968969
04/20/2019,2.765704252,1.056816991
04/21/2019,2.292898094,0.934906555
04/22/2019,2.402769453,0.977385505
04/23/2019,2.480089557,1.004997055
04/24/2019,2.514566604,1.021643222
04/25/2019,2.603557505,1.052826268
04/26/2019,2.616665382,1.065171695
04/27/2019,2.470925826,1.036123145
04/28/2019,2.426125121,1.032003355
04/29/2019,2.345737566,1.015030095
04/30/2019,2.247782483,0.990596903
05/01/2019,2.220824293,0.991108022
05/02/2019,2.153920367,0.976411385
05/03/2019,2.26555815,1.030898356
05/04/2019,2.246321254,1.03559202
05/05/2019,2.199993921,1.029319454
05/06/2019,2.09008256,0.995979447
05/07/2019,2.277880242,1.080427697
05/08/2019,2.415166294,1.130855109
05/09/2019,2.420938748,1.14344658
05/10/2019,2.497181029,1.177349998
05/11/2019,2.798446453,1.293150667
05/12/2019,3.003730447,1.381630691
05/13/2019,3.075931967,1.42399861
05/14/2019,3.092448388,1.444529662
05/15/2019,3.057692731,1.445185085
05/16/2019,3.009144643,1.440584909
05/17/2019,2.884475243,1.406942275
05/18/2019,2.654133443,1.333931989
05/19/2019,2.313131856,1.218757918
05/20/2019,2.175580166,1.180036564
05/21/2019,2.097342438,1.160786931
05/22/2019,2.082482623,1.162394702
05/23/2019,2.003226583,1.142599255
05/24/2019,1.962297934,1.135490937
05/25/2019,1.899181877,1.120867599
05/26/2019,1.855007317,1.112560236
05/27/2019,1.839837212,1.114124535
05/28/2019,1.814463434,1.112262279
05/29/2019,1.77385129,1.1051655
05/30/2019,1.695261795,1.084808033
05/31/2019,1.418753396,0.978706833
06/01/2019,1.3500644,0.953442732
06/02/2019,1.14418204,0.851186071
06/03/2019,1.032432002,0.749703192
06/04/2019,1.092219711,0.846952302
06/05/2019,0.977434341,0.753876031
06/07/2019,1.207769255,0.952178001
06/08/2019,1.299122181,1.007002957
06/12/2019,1.397120343,1.059557574
06/13/2019,1.306113712,1.026696471
06/14/2019,1.315743282,1.032392019
06/15/2019,1.436848445,1.082420831
06/16/2019,1.482387144,1.103631311
06/17/2019,1.480267635,1.105845138
